date,race,horseCode,place,model_prob,public_prob,odds
2024-01-01,1,HK_2022_H170,1,0.10358120434407793,0.3507884980192813,2.3
2024-01-01,1,HK_2022_H404,8,0.09075189150048653,0.015222897083855602,53.0
2024-01-01,1,HK_2022_H159,6,0.08792674516837114,0.05762953896031049,14.0
2024-01-01,1,HK_2022_H402,3,0.1011008470558084,0.03507884980192813,23.0
2024-01-01,1,HK_2022_H353,13,0.10904087006809841,0.018763105708008068,43.0
2024-01-01,1,HK_2022_H466,4,0.08219736798789712,0.1075751393925796,7.5
2024-01-01,1,HK_2022_H440,12,0.08881958481757785,0.0806813545444347,10.0
2024-01-01,1,HK_2022_H483,5,0.0668145644204488,0.05762953896031049,14.0
2024-01-01,1,HK_2022_H326,7,0.07246695385409942,0.038419692640207,21.0
2024-01-01,1,HK_2022_H426,9,0.05471809439527278,0.09381552854004034,8.6
2024-01-01,1,HK_2022_H384,11,0.06403357362256464,0.008769712450482033,92.0
2024-01-01,1,HK_2021_G025,10,0.0443603646987673,0.038419692640207,21.0
2024-01-01,1,HK_2021_H012,2,0.01984433847200269,0.09720645125835504,8.3
2024-01-01,2,HK_2022_H056,5,0.10358119531923568,0.025737734671986943,32.0
2024-01-01,2,HK_2022_H322,2,0.09075188266064885,0.2225966241901573,3.7
2024-01-01,2,HK_2022_H486,11,0.08792674738799712,0.011438993187549752,72.0
2024-01-01,2,HK_2023_J059,7,0.10110086699031491,0.024223750279517123,34.0
2024-01-01,2,HK_2023_J027,1,0.1090408917149255,0.45755972750199014,1.8
2024-01-01,2,HK_2021_G210,10,0.08219735245511627,0.03294430038014329,25.0
2024-01-01,2,HK_2022_H348,9,0.0888195751256367,0.010295093868794777,80.0
2024-01-01,2,HK_2022_H148,6,0.06681456444903736,0.04334776365808327,19.0
2024-01-01,2,HK_2022_H097,3,0.0724669547755441,0.12478901659145185,6.6
2024-01-01,2,HK_2022_H290,12,0.05471808611919369,0.006239450829572593,132.0
2024-01-01,2,HK_2022_H247,8,0.06403358233800246,0.019153663011711213,43.0
2024-01-01,2,HK_2020_E188,4,0.04436036523631383,0.021673881829041636,38.0
2024-01-01,3,HK_2020_E306,1,0.12339823328632529,0.25543254480050276,3.2
2024-01-01,3,HK_2022_H420,10,0.1007594140906173,0.08340654524098047,9.8
2024-01-01,3,HK_2023_J077,8,0.09322865012569347,0.01385396853155269,59.0
2024-01-01,3,HK_2021_G269,9,0.11568485099774811,0.016027140065913898,51.0
2024-01-01,3,HK_2022_H227,3,0.13056712532421075,0.08173841433616089,10.0
2024-01-01,3,HK_2022_H062,2,0.08185178467763665,0.0888461025393053,9.2
2024-01-01,3,HK_2022_H357,5,0.09114040804129282,0.04808142019774169,17.0
2024-01-01,3,HK_2022_H289,6,0.06141673629806745,0.32695365734464354,2.5
2024-01-01,3,HK_2022_H024,7,0.062133891875634284,0.07430764939650988,11.0
2024-01-01,3,HK_2022_H329,4,0.03918967678850353,0.01135255754668901,72.0
2024-01-01,4,HK_2021_G015,11,0.09738461879091695,0.13120201879475238,6.2
2024-01-01,4,HK_2021_G427,8,0.0840673900262043,0.03253810066109859,25.0
2024-01-01,4,HK_2020_E488,10,0.08519627186095144,0.1333528715618795,6.1
2024-01-01,4,HK_2022_H022,2,0.09920843361278968,0.16269050330549298,5.0
2024-01-01,4,HK_2019_D136,6,0.10699508853363637,0.07395022877522407,11.0
2024-01-01,4,HK_2021_G126,9,0.0826519367711095,0.0992015264057884,8.2
2024-01-01,4,HK_2022_H261,13,0.09179403058861907,0.006162519064602007,132.0
2024-01-01,4,HK_2021_G437,5,0.06241119927872977,0.07395022877522407,11.0
2024-01-01,4,HK_2020_E494,12,0.08239638115581231,0.0581037511805332,14.0
2024-01-01,4,HK_2021_G414,3,0.063392657407107,0.02324150047221328,35.0
2024-01-01,4,HK_2019_D087,1,0.06387946112496606,0.1333528715618795,6.1
2024-01-01,4,HK_2022_H030,4,0.03778503047226083,0.036975114387612036,22.0
2024-01-01,4,HK_2020_E296,7,0.024599650636277965,0.026240403758950478,31.0
2024-01-01,4,HK_2021_G174,14,0.018237849740618855,0.00903836129474961,90.0
2024-01-01,5,HK_2021_G003,7,0.10398070672319985,0.06786585838297096,12.0
2024-01-01,5,HK_2022_H163,11,0.08937243673353581,0.01566135193453176,52.0
2024-01-01,5,HK_2021_G112,10,0.08787432171586726,0.045243905588647305,18.0
2024-01-01,5,HK_2021_G339,9,0.10298322771868552,0.04790531179974421,17.0
2024-01-01,5,HK_2021_G241,1,0.11191491906835355,0.058170735756832244,14.0
2024-01-01,5,HK_2022_H385,12,0.08280719111507076,0.007906701947530596,103.0
2024-01-01,5,HK_2019_D507,4,0.09116651046045572,0.09581062359948841,8.5
2024-01-01,5,HK_2022_H242,3,0.06402001387594687,0.2808242415847074,2.9
2024-01-01,5,HK_2021_G212,6,0.07570071356844582,0.16620210216237785,4.9
2024-01-01,5,HK_2022_H087,5,0.05598708521053246,0.03132270386906352,26.0
2024-01-01,5,HK_2022_H363,7,0.06271426554805482,0.009811931332477729,83.0
2024-01-01,5,HK_2022_H235,2,0.039323009702846995,0.173274532041628,4.7
2024-01-01,6,HK_2018_C483,6,0.10398072000738728,0.04309748184381248,20.0
2024-01-01,6,HK_2022_H090,3,0.08937246101196537,0.12492023722844196,6.9
2024-01-01,6,HK_2022_H161,1,0.08787430187662597,0.2873165456254165,3.0
2024-01-01,6,HK_2019_D362,12,0.10298321225275071,0.01077437046095312,80.0
2024-01-01,6,HK_2021_G230,2,0.11191491158110885,0.12313566241089277,7.0
2024-01-01,6,HK_2021_H019,5,0.08280716158065178,0.1180752927227739,7.3
2024-01-01,6,HK_2022_H278,4,0.09116649725365716,0.07835905789784087,11.0
2024-01-01,6,HK_2017_B385,7,0.0640200237308247,0.039179528948920433,22.0
2024-01-01,6,HK_2021_G372,10,0.07570073201868453,0.024627132482178557,35.0
2024-01-01,6,HK_2022_H271,11,0.055987091568163845,0.057463309125083295,15.0
2024-01-01,6,HK_2021_G382,8,0.06271427826672679,0.039179528948920433,22.0
2024-01-01,6,HK_2021_G272,9,0.03932301142412644,0.05387185230476559,16.0
2024-01-01,7,HK_2020_E314,7,0.16523730870988335,0.2461246751730809,3.3
2024-01-01,7,HK_2020_E058,3,0.1358266176329686,0.19338367335027784,4.2
2024-01-01,7,HK_2019_D435,2,0.09788985824912363,0.062477802159320535,13.0
2024-01-01,7,HK_2022_H115,8,0.12250549996479435,0.2388857141385785,3.4
2024-01-01,7,HK_2020_E269,4,0.1439576336489972,0.0477771428277157,17.0
2024-01-01,7,HK_2019_D334,6,0.06843112632905705,0.010686992474620616,76.0
2024-01-01,7,HK_2021_G173,5,0.0688736713639406,0.0812211428071167,10.0
2024-01-01,7,HK_2022_H164,1,0.06740027688346549,0.11944285706928925,6.8
2024-01-01,8,HK_2022_H175,9,0.11882772725411349,0.08484151892257012,9.6
2024-01-01,8,HK_2022_H446,10,0.10110141038088451,0.023955252401666856,34.0
2024-01-01,8,HK_2021_G426,2,0.09261780875287642,0.08144785816566731,10.0
2024-01-01,8,HK_2021_G337,1,0.1101772730234411,0.3393660756902805,2.4
2024-01-01,8,HK_2023_J079,11,0.12188387023723594,0.015367520408616473,53.0
2024-01-01,8,HK_2022_H216,6,0.08153934973643637,0.10309855464008519,7.9
2024-01-01,8,HK_2021_G412,5,0.08795501924470873,0.030165873394691595,27.0
2024-01-01,8,HK_2023_J018,13,0.0666135324845846,0.0038059746806386593,214.0
2024-01-01,8,HK_2023_J083,7,0.060869478128487996,0.14042734166494364,5.8
2024-01-01,8,HK_2022_H394,12,0.0410478255234279,0.0046541633237524175,175.0
2024-01-01,8,HK_2021_G461,3,0.058892484138575785,0.08144785816566731,10.0
2024-01-01,8,HK_2021_G261,14,0.042322196717264414,0.008227056380370436,99.0
2024-01-01,8,HK_2022_H297,8,0.009897635848009673,0.009151444737715429,89.0
2024-01-01,8,HK_2020_E294,4,0.006254388529953247,0.07404350742333392,11.0
2024-01-01,9,HK_2022_H338,3,0.11834765485618054,0.3556853368554791,2.3
2024-01-01,9,HK_2021_G396,10,0.10264149051853866,0.00870293909327236,94.0
2024-01-01,9,HK_2021_G065,7,0.09265465713946401,0.016695434178930647,49.0
2024-01-01,9,HK_2022_H167,4,0.10814192827332693,0.009976539936190265,82.0
2024-01-01,9,HK_2021_H009,5,0.11873024417248858,0.06292894421289245,13.0
2024-01-01,9,HK_2021_G016,8,0.08092278361857146,0.011686803925251454,70.0
2024-01-01,9,HK_2022_H411,1,0.0856737533754226,0.16040711269952979,5.1
2024-01-01,9,HK_2021_G195,9,0.06950748326700115,0.03146447210644623,26.0
2024-01-01,9,HK_2022_H360,14,0.05825770063551484,0.0047015877860207,174.0
2024-01-01,9,HK_2022_H076,11,0.0401094797212978,0.0031956104483109446,256.0
2024-01-01,9,HK_2020_E422,12,0.060119454027373155,0.007574780321922239,108.0
2024-01-01,9,HK_2023_J107,13,0.047734281139417474,0.004898660327949712,167.0
2024-01-01,9,HK_2023_J062,2,0.010423025258536443,0.31464472106446223,2.6
2024-01-01,9,HK_2022_H298,6,0.0067360639968665325,0.007437057043341834,110.0
2024-01-01,10,HK_2023_J080,12,0.1188277235107925,0.022460920943838048,36.0
2024-01-01,10,HK_2021_G123,4,0.10110140138644486,0.02608365012832806,31.0
2024-01-01,10,HK_2023_J075,9,0.09261780231298387,0.014973947295892033,54.0
2024-01-01,10,HK_2022_H258,7,0.11017727190646673,0.040429657698908494,20.0
2024-01-01,10,HK_2022_H078,5,0.12188387645359998,0.08422845353939269,9.6
2024-01-01,10,HK_2018_C341,13,0.08153935184698699,0.027882522550971373,29.0
2024-01-01,10,HK_2020_E447,10,0.0879550303528135,0.044921841887676096,18.0
2024-01-01,10,HK_2020_E279,2,0.06661352971375642,0.08602054829554999,9.4
2024-01-01,10,HK_2022_H186,6,0.060869475949497466,0.3850443590372237,2.1
2024-01-01,10,HK_2022_H044,3,0.041047829797174626,0.08694550042776018,9.3
2024-01-01,10,HK_2022_H041,1,0.05889247793679437,0.12439894676587229,6.5
2024-01-01,10,HK_2021_G035,14,0.042322203215882676,0.022460920943838048,36.0
2024-01-01,10,HK_2021_G095,11,0.009897636372048641,0.02378215158759323,34.0
2024-01-01,10,HK_2022_H254,8,0.006254389244757159,0.010366578897156023,78.0
2024-01-04,1,HK_2022_H462,4,0.10358108750921755,0.30094815895206756,2.7
2024-01-04,1,HK_2020_E105,6,0.090751891514205,0.024623031186987346,33.0
2024-01-04,1,HK_2021_G264,2,0.08792679541300306,0.12127761629411676,6.7
2024-01-04,1,HK_2022_H430,5,0.10110095536768837,0.08125600291705824,10.0
2024-01-04,1,HK_2022_H377,1,0.1090409260929187,0.32502401166823297,2.5
2024-01-04,1,HK_2022_H443,3,0.08219728648073821,0.011444507453106795,71.0
2024-01-04,1,HK_2021_G203,8,0.08881968653287149,0.05417066861137216,15.0
2024-01-04,1,HK_2022_H046,7,0.06681451574556131,0.08125600291705824,10.0
2024-01-04,2,HK_2022_H358,8,0.10358109145334637,0.010017600451958176,81.0
2024-01-04,2,HK_2020_E351,5,0.09075189884838293,0.08114256366086124,10.0
2024-01-04,2,HK_2022_H063,2,0.08792679939206288,0.19319658014490768,4.2
2024-01-04,2,HK_2023_J086,7,0.1011009199242424,0.06241735666220095,13.0
2024-01-04,2,HK_2023_J089,10,0.10904091887879952,0.1248347133244019,6.5
2024-01-04,2,HK_2021_G249,4,0.08219728220305186,0.04507920203381179,18.0
2024-01-04,2,HK_2022_H325,9,0.08881968656917495,0.026175020535761685,31.0
2024-01-04,2,HK_2021_G031,6,0.0668145174402576,0.19790869185575913,4.1
2024-01-04,2,HK_2019_D090,3,0.07246699844882147,0.11932729950126653,6.8
2024-01-04,2,HK_2022_H277,1,0.054718036076713945,0.1399009718290711,5.8
2024-01-04,3,HK_2020_E310,4,0.09769801295061249,0.03410456799845479,24.0
2024-01-04,3,HK_2022_H197,8,0.08234142828835962,0.020987426460587565,39.0
2024-01-04,3,HK_2020_E400,6,0.08499685104822698,0.048147625409583235,17.0
2024-01-04,3,HK_2022_H101,9,0.1013606322854199,0.0163701926392583,50.0
2024-01-04,3,HK_2020_E107,1,0.11035530053958074,0.09301245817760398,8.8
2024-01-04,3,HK_2022_H248,10,0.08328585383743664,0.09861561830878493,8.3
2024-01-04,3,HK_2020_E069,12,0.09468456204647084,0.07440996654208319,11.0
2024-01-04,3,HK_2021_H004,3,0.059070938037639145,0.2098742646058757,3.9
2024-01-04,3,HK_2021_G129,2,0.08687886493001166,0.14881993308416638,5.5
2024-01-04,3,HK_2020_E311,7,0.0651314170374898,0.10913461759505534,7.5
2024-01-04,3,HK_2019_D491,11,0.06213911944288175,0.04547275733127305,18.0
2024-01-04,3,HK_2021_G072,5,0.032448187487556714,0.10105057184727347,8.1
2024-01-04,4,HK_2021_G307,8,0.10430495876087348,0.09307590055126742,8.8
2024-01-04,4,HK_2022_H128,7,0.08752883259292439,0.2100174166285009,3.9
2024-01-04,4,HK_2021_G312,4,0.08765989551165206,0.0862176763001214,9.5
2024-01-04,4,HK_2021_G020,11,0.1052068200647084,0.020476698121278836,40.0
2024-01-04,4,HK_2022_H268,12,0.11541805871443411,0.005978597991614258,137.0
2024-01-04,4,HK_2022_H195,6,0.08343396329635674,0.12224894400763482,6.7
2024-01-04,4,HK_2020_E347,2,0.09402787705963303,0.12410120073502325,6.6
2024-01-04,4,HK_2021_G054,10,0.060587639223102056,0.025595872651598545,32.0
2024-01-04,4,HK_2022_H027,9,0.07981099735742053,0.10367948415837383,7.9
2024-01-04,4,HK_2021_G125,1,0.057516994197355835,0.12410120073502325,6.6
2024-01-04,4,HK_2019_D513,3,0.060999607799886967,0.04550377360284186,18.0
2024-01-04,4,HK_2021_G304,5,0.03376557396671578,0.03900323451672159,21.0
2024-01-04,5,HK_2020_E175,4,0.10305008418449817,0.09750135004665376,8.4
2024-01-04,5,HK_2020_E432,7,0.09203382846950736,0.04095056701959459,20.0
2024-01-04,5,HK_2020_E386,6,0.08786583769853848,0.07445557639926288,11.0
2024-01-04,5,HK_2023_J056,11,0.09912502462833979,0.008902297178172735,92.0
2024-01-04,5,HK_2022_H118,8,0.10610373099491004,0.2641972065780296,3.1
2024-01-04,5,HK_2020_E158,9,0.08148677109731445,0.11219333430025913,7.3
2024-01-04,5,HK_2022_H057,10,0.08642162536260682,0.011219333430025914,73.0
2024-01-04,5,HK_2018_C361,3,0.06964114263109374,0.05118820877449323,16.0
2024-01-04,5,HK_2022_H281,2,0.06928194150506352,0.10111251115949281,8.1
2024-01-04,5,HK_2019_D474,5,0.0534088582545673,0.02275031501088588,36.0
2024-01-04,5,HK_2021_G456,1,0.0652963355767941,0.2155293001031294,3.8
2024-01-04,6,HK_2022_H474,2,0.12323320621216517,0.08161329192198383,10.0
2024-01-04,6,HK_2020_E461,6,0.10208167723676723,0.03548403996607992,23.0
2024-01-04,6,HK_2019_D288,7,0.09341507610739895,0.023318083406281092,35.0
2024-01-04,6,HK_2021_G165,1,0.11427229256430922,0.12752076862809972,6.4
2024-01-04,6,HK_2022_H116,5,0.12824280260730397,0.04800781877763754,17.0
2024-01-04,6,HK_2022_H342,8,0.08152544392688511,0.007419390174725801,110.0
2024-01-04,6,HK_2022_H111,3,0.08951371511294778,0.14838780349451605,5.5
2024-01-04,6,HK_2023_J111,11,0.0635149553398947,0.022670358867217726,36.0
2024-01-04,6,HK_2020_E369,10,0.06022568585399779,0.023318083406281092,35.0
2024-01-04,6,HK_2023_J054,9,0.0385812814427871,0.07419390174725803,11.0
2024-01-04,6,HK_2021_G466,4,0.05610447689485934,0.4080664596099191,2.0
2024-01-04,7,HK_2021_G221,9,0.11834753581231866,0.03568462764081889,23.0
2024-01-04,7,HK_2022_H303,5,0.10264148106924365,0.1025933044673543,8.0
2024-01-04,7,HK_2022_H092,3,0.0926546964118266,0.03908316360661116,21.0
2024-01-04,7,HK_2021_G449,1,0.10814202115167611,0.11091168050524788,7.4
2024-01-04,7,HK_2021_G343,11,0.11873030210667229,0.08207464357388346,10.0
2024-01-04,7,HK_2022_H055,8,0.08092270201353793,0.02279851210385651,36.0
2024-01-04,7,HK_2022_H294,2,0.08567387039828032,0.39083163606611165,2.1
2024-01-04,7,HK_2022_H082,6,0.06950742745215319,0.015783585302669895,52.0
2024-01-04,7,HK_2022_H059,4,0.05825772828165792,0.13679107262313908,6.0
2024-01-04,7,HK_2020_E234,7,0.04010943053842209,0.008731345061051431,94.0
2024-01-04,7,HK_2022_H366,10,0.06011942833044775,0.05471642904925563,15.0
2024-01-04,8,HK_2022_H093,3,0.1381640039544827,0.2146743689935978,3.8
2024-01-04,8,HK_2021_G265,4,0.11811148488780468,0.23993017711049167,3.4
2024-01-04,8,HK_2021_G467,9,0.09642811647768967,0.05438417347837811,15.0
2024-01-04,8,HK_2020_E203,8,0.11496160821162675,0.033990108423986316,24.0
2024-01-04,8,HK_2021_G102,12,0.1294503496700595,0.010326108888299641,79.0
2024-01-04,8,HK_2021_G258,1,0.07646460765109139,0.1897122330641097,4.3
2024-01-04,8,HK_2022_H308,10,0.07863852179256677,0.05438417347837811,15.0
2024-01-04,8,HK_2021_G455,2,0.07102864859892925,0.09165871934558108,8.9
2024-01-04,8,HK_2021_G246,5,0.041281847266017406,0.040788130108783585,20.0
2024-01-04,8,HK_2022_H069,7,0.024928838221036,0.03021342971021006,27.0
2024-01-04,8,HK_2019_D476,11,0.053105390291665125,0.027192086739189054,30.0
2024-01-04,8,HK_2020_E061,6,0.05117708548515719,0.01274629065899487,64.0
2024-01-07,1,HK_2020_E429,6,0.09699950798552727,0.10527768311530702,7.8
2024-01-07,1,HK_2022_H314,9,0.08535527359216971,0.06843049402494955,12.0
2024-01-07,1,HK_2022_H177,8,0.08523737709399833,0.01520677644998879,54.0
2024-01-07,1,HK_2021_G004,10,0.09738415982849961,0.10664492575316813,7.7
2024-01-07,1,HK_2021_G414,1,0.10423568500153195,0.1368609880498991,6.0
2024-01-07,1,HK_2020_E494,5,0.08203397251858144,0.08735807747865901,9.4
2024-01-07,1,HK_2018_C102,4,0.08942097706514746,0.04830387813525851,17.0
2024-01-07,1,HK_2021_G042,3,0.06512818958349385,0.16423318565987893,5.0
2024-01-07,1,HK_2021_G251,2,0.07886778656249172,0.1710762350623739,4.8
2024-01-07,1,HK_2020_E328,7,0.06194889130308162,0.09660775627051701,8.5
2024-01-07,2,HK_2021_G315,1,0.10358120194529556,0.16229443695820522,5.0
2024-01-07,2,HK_2019_D487,9,0.09075187516431275,0.05796229891364472,14.0
2024-01-07,2,HK_2021_G252,13,0.0879266862211347,0.015310795939453321,53.0
2024-01-07,2,HK_2022_H488,10,0.10110090317947598,0.006440255434849413,126.0
2024-01-07,2,HK_2022_H460,11,0.10904092675361636,0.1308826104501655,6.2
2024-01-07,2,HK_2023_J047,4,0.0821973214362964,0.00943572307896542,86.0
2024-01-07,2,HK_2022_H478,12,0.08881955610366499,0.005923154633511139,137.0
2024-01-07,2,HK_2022_H485,3,0.0668145742037278,0.23184919565457887,3.5
2024-01-07,2,HK_2023_J096,6,0.0724669604576007,0.08114721847910261,10.0
2024-01-07,2,HK_2023_J092,2,0.05471812171298428,0.10143402309887826,8.0
2024-01-07,2,HK_2023_J011,7,0.06403356275754225,0.098960022535491,8.2
2024-01-07,2,HK_2021_G413,8,0.04436036922480434,0.07377019861736601,11.0
2024-01-07,2,HK_2022_H144,5,0.019844340979339178,0.024590066205788668,33.0
2024-01-07,3,HK_2020_E414,8,0.1039807378532159,0.0370202510131434,22.0
2024-01-07,3,HK_2022_H300,1,0.08937242019811635,0.25451422571536086,3.2
2024-01-07,3,HK_2022_H228,7,0.0878742774073895,0.1313621810143798,6.2
2024-01-07,3,HK_2022_H230,2,0.1029832846944835,0.22623486730254302,3.6
2024-01-07,3,HK_2022_H418,3,0.11191493411171834,0.0301646489736724,27.0
2024-01-07,3,HK_2020_E443,6,0.08280715135306364,0.1313621810143798,6.2
2024-01-07,3,HK_2023_J098,4,0.09116647431601035,0.0370202510131434,22.0
2024-01-07,3,HK_2023_J048,14,0.06402002654346095,0.005540445729858196,147.0
2024-01-07,3,HK_2023_J005,12,0.07570070752212443,0.007907238080477231,103.0
2024-01-07,3,HK_2017_B385,5,0.055987128995449734,0.09470296770804126,8.6
2024-01-07,3,HK_2021_G298,9,0.0627142451846764,0.009581712026931232,85.0
2024-01-07,3,HK_2022_H434,13,0.039323007411605986,0.004790856013465616,170.0
2024-01-07,3,HK_2022_H245,10,0.01884031476275229,0.026272436202875962,31.0
2024-01-07,3,HK_2022_H290,11,0.013315289645932583,0.003525738191727943,231.0
2024-01-07,4,HK_2020_E161,7,0.10441109754905756,0.054494656364516454,15.0
2024-01-07,4,HK_2022_H376,4,0.08636732527194943,0.263683821118628,3.1
2024-01-07,4,HK_2021_G189,8,0.08745678550371361,0.04541221363709704,18.0
2024-01-07,4,HK_2019_D241,9,0.10647311332867374,0.016682037662607077,49.0
2024-01-07,4,HK_2022_H168,12,0.11747220172627097,0.007170349521646901,114.0
2024-01-07,4,HK_2022_H296,11,0.08374101496073287,0.0263683821118628,31.0
2024-01-07,4,HK_2017_B370,10,0.09570577895773365,0.03269679381870987,25.0
2024-01-07,4,HK_2021_G143,14,0.05856730847062767,0.04541221363709704,18.0
2024-01-07,4,HK_2021_G463,3,0.08231326554271541,0.030274809091398028,27.0
2024-01-07,4,HK_2021_G029,5,0.05840526032601655,0.22092428255885047,3.7
2024-01-07,4,HK_2022_H276,6,0.05994228920614499,0.08514790056955697,9.6
2024-01-07,4,HK_2022_H354,1,0.03078930838018243,0.08789460703954266,9.3
2024-01-07,4,HK_2017_B213,13,0.016921585390300375,0.020959483217121714,39.0
2024-01-07,4,HK_2022_H251,2,0.011433665385880807,0.06287844965136515,13.0
2024-01-07,5,HK_2020_E204,2,0.11772229892763819,0.08420426577434707,9.7
2024-01-07,5,HK_2022_H264,4,0.10407489072518845,0.11837411275524153,6.9
2024-01-07,5,HK_2020_E114,1,0.09257574225647193,0.042988493579535075,19.0
2024-01-07,5,HK_2018_C201,10,0.10601169797905247,0.04083906890055833,20.0
2024-01-07,5,HK_2020_E322,8,0.11551385977058809,0.04083906890055833,20.0
2024-01-07,5,HK_2022_H266,7,0.0802105739080245,0.2552441806284895,3.2
2024-01-07,5,HK_2021_G208,5,0.08334742799255714,0.07425285254646968,11.0
2024-01-07,5,HK_2023_J051,9,0.0724365881858191,0.1150396307057981,7.1
2024-01-07,5,HK_2020_E336,3,0.055688367464737064,0.20419534450279164,4.0
2024-01-07,5,HK_2022_H396,6,0.03914365078334796,0.02402298170621078,34.0
2024-01-07,6,HK_2020_E177,12,0.10358123562391866,0.058006776149262966,14.0
2024-01-07,6,HK_2019_D144,9,0.09075184159906756,0.08120948660896815,10.0
2024-01-07,6,HK_2020_E418,3,0.08792662334995957,0.06767457217414012,12.0
2024-01-07,6,HK_2022_H224,2,0.10110091135324834,0.30077587632951164,2.7
2024-01-07,6,HK_2022_H425,7,0.10904086378679355,0.03867118409950864,21.0
2024-01-07,6,HK_2022_H126,1,0.08219731043309778,0.08120948660896815,10.0
2024-01-07,6,HK_2021_G259,10,0.08881965159749981,0.040604743304484076,20.0
2024-01-07,6,HK_2021_H002,6,0.06681459630222146,0.04511638144942675,18.0
2024-01-07,6,HK_2022_H476,11,0.07246702118696824,0.012120818896860917,67.0
2024-01-07,6,HK_2020_E323,4,0.054718156110606264,0.08924119407578918,9.1
2024-01-07,6,HK_2022_H134,8,0.06403350059135585,0.06767457217414012,12.0
2024-01-07,6,HK_2022_H283,5,0.04436036046831739,0.11769490812893936,6.9
2024-01-07,7,HK_2021_G404,7,0.16312389051326984,0.199336513471885,4.1
2024-01-07,7,HK_2019_D108,6,0.13932915660904124,0.037149077510669475,22.0
2024-01-07,7,HK_2018_C188,5,0.09750093719610545,0.11844633409198964,6.9
2024-01-07,7,HK_2021_G161,3,0.11745884039031236,0.1702666052572351,4.8
2024-01-07,7,HK_2022_H223,8,0.13595364798693807,0.07429815502133895,11.0
2024-01-07,7,HK_2021_G045,9,0.06707897632447286,0.17766950113798446,4.6
2024-01-07,7,HK_2022_H301,2,0.06503590661252005,0.166791776578516,4.9
2024-01-07,7,HK_2020_E392,1,0.07303406312565298,0.03269118820938914,25.0
2024-01-07,7,HK_2021_G207,4,0.02342536752444746,0.023350848720992242,35.0
2024-01-07,8,HK_2021_G130,5,0.11834766990807251,0.058143210553732914,14.0
2024-01-07,8,HK_2021_G204,9,0.10264143213212737,0.07400044979566008,11.0
2024-01-07,8,HK_2020_E300,8,0.0926545125422168,0.08568473134234324,9.5
2024-01-07,8,HK_2022_H262,1,0.10814202255078581,0.06783374564602174,12.0
2024-01-07,8,HK_2022_H337,7,0.11873024760894177,0.18088998838939127,4.5
2024-01-07,8,HK_2021_G469,6,0.08092274079378667,0.2907160527686646,2.8
2024-01-07,8,HK_2022_H162,10,0.08567384437287394,0.058143210553732914,14.0
2024-01-07,8,HK_2020_E097,2,0.0695075126775036,0.06783374564602174,12.0
2024-01-07,8,HK_2022_H088,3,0.058257757709573865,0.08222272199517786,9.9
2024-01-07,8,HK_2022_H071,11,0.04010952162084515,0.004472554657979456,182.0
2024-01-07,8,HK_2022_H455,4,0.0601193755061397,0.02200013372303408,37.0
2024-01-07,8,HK_2022_H457,12,0.04773427873729483,0.008059454928240206,101.0
2024-01-07,9,HK_2021_G335,2,0.1188277674356895,0.16601773945926124,4.9
2024-01-07,9,HK_2023_J073,13,0.10110138137305008,0.009244169583527048,88.0
2024-01-07,9,HK_2020_E178,11,0.09261774455552817,0.03697667833410819,22.0
2024-01-07,9,HK_2022_H078,1,0.11017733221356506,0.2905310440537072,2.8
2024-01-07,9,HK_2021_G474,5,0.12188389035577472,0.10703775307241845,7.6
2024-01-07,9,HK_2020_E467,9,0.0815393233745019,0.005894832777901306,138.0
2024-01-07,9,HK_2021_G013,12,0.08795499658359651,0.017684498333703915,46.0
2024-01-07,9,HK_2022_H459,4,0.06661354645679302,0.13558115389173003,6.0
2024-01-07,9,HK_2021_G120,7,0.06086947653693299,0.04067434616751901,20.0
2024-01-07,9,HK_2021_G028,14,0.04104785342024467,0.011143656484251783,73.0
2024-01-07,9,HK_2023_J078,3,0.058892460038397515,0.010993066531761896,74.0
2024-01-07,9,HK_2020_E364,8,0.04232220122852909,0.02905310440537072,28.0
2024-01-07,9,HK_2020_E444,6,0.009897637253816356,0.10043048436424447,8.1
2024-01-07,9,HK_2023_J081,10,0.006254389173580445,0.03873747254049429,21.0
2024-01-07,10,HK_2021_G319,6,0.1449307396300794,0.1299875903945815,6.3
2024-01-07,10,HK_2020_E379,9,0.11874602301627564,0.01780264824969268,46.0
2024-01-07,10,HK_2022_H257,7,0.09701742849545904,0.0744474381350785,11.0
2024-01-07,10,HK_2018_C517,13,0.12088588170278487,0.020997995371432394,39.0
2024-01-07,10,HK_2022_H302,1,0.13919955566640646,0.38996277118374445,2.1
2024-01-07,10,HK_2020_E365,12,0.07604333008068356,0.014623603919390417,56.0
2024-01-07,10,HK_2021_G365,8,0.08051314899829197,0.11698883135512333,7.0
2024-01-07,10,HK_2022_H110,11,0.06534631688363797,0.03412174247857764,24.0
2024-01-07,10,HK_2021_G356,2,0.04065827550597431,0.020997995371432394,39.0
2024-01-07,10,HK_2021_G227,4,0.022688998420016024,0.007059670857636753,116.0
2024-01-07,10,HK_2022_H139,3,0.04896366616487237,0.05459478796572422,15.0
2024-01-07,10,HK_2022_H210,5,0.04085369837391168,0.10498997685716198,7.8
2024-01-07,10,HK_2021_G057,10,0.0027619019326309974,0.01342494786042399,61.0
2024-01-10,1,HK_2022_H061,5,0.09648854517038874,0.23959848011367418,3.4
2024-01-10,1,HK_2019_D409,3,0.0865488468358005,0.06788623603220768,12.0
2024-01-10,1,HK_2019_D443,4,0.08516645047550932,0.07405771203513566,11.0
2024-01-10,1,HK_2022_H102,6,0.09546743990076098,0.014547050578330218,56.0
2024-01-10,1,HK_2021_G403,8,0.10141370596151043,0.04791969602273483,17.0
2024-01-10,1,HK_2020_E208,7,0.08131337048073858,0.2143775874701295,3.8
2024-01-10,1,HK_2019_D075,2,0.08699450682997371,0.1272866925603894,6.4
2024-01-10,1,HK_2021_G352,1,0.06787384529983916,0.19396067437773623,4.2
2024-01-10,1,HK_2021_G175,9,0.07539078455726611,0.020365870809662307,40.0
2024-01-10,2,HK_2022_H451,2,0.10430494242864145,0.02016088024878239,40.0
2024-01-10,2,HK_2022_H346,1,0.0875288532640088,0.6203347768856119,1.3
2024-01-10,2,HK_2022_H047,6,0.08765985560199106,0.09955990246312292,8.1
2024-01-10,2,HK_2021_G313,7,0.1052068085895196,0.03360146708130398,24.0
2024-01-10,2,HK_2017_B085,3,0.11541803816956471,0.08064352099512956,10.0
2024-01-10,2,HK_2021_G277,8,0.0834339369297499,0.05760251499652111,14.0
2024-01-10,2,HK_2022_H312,4,0.0940279215123222,0.03225740839805182,25.0
2024-01-10,2,HK_2022_H310,10,0.06058764059113308,0.006109357651146179,132.0
2024-01-10,2,HK_2020_E025,9,0.07981105886413567,0.01612870419902591,50.0
2024-01-10,2,HK_2020_E100,5,0.057517031993454114,0.03360146708130398,24.0
2024-01-10,3,HK_2022_H070,3,0.10430494799005753,0.09817186407979592,8.3
2024-01-10,3,HK_2019_D138,8,0.08752886655696551,0.12535791874804714,6.5
2024-01-10,3,HK_2020_E449,2,0.0876598630674809,0.03259305887449225,25.0
2024-01-10,3,HK_2022_H188,1,0.10520679434963899,0.3395110299426276,2.4
2024-01-10,3,HK_2021_G364,4,0.11541805127376654,0.1198274223326921,6.8
2024-01-10,3,HK_2019_D399,10,0.0834339414598589,0.023280756338923035,35.0
2024-01-10,3,HK_2022_H382,6,0.0940279259040444,0.047930968933076835,17.0
2024-01-10,3,HK_2023_J061,11,0.06058763323227598,0.00791093662002239,103.0
2024-01-10,3,HK_2021_G020,7,0.07981104055037397,0.031339479687011784,26.0
2024-01-10,3,HK_2021_G389,5,0.05751703346296728,0.09259391725708026,8.8
2024-01-10,3,HK_2022_H306,9,0.06099954496013265,0.08148264718623063,10.0
2024-01-10,4,HK_2018_C460,12,0.10358110698041063,0.12307521670037093,6.6
2024-01-10,4,HK_2019_D359,9,0.09075189722449022,0.018890614656336003,43.0
2024-01-10,4,HK_2020_E184,1,0.08792673362811652,0.04512757945680267,18.0
2024-01-10,4,HK_2018_C511,2,0.10110093119949161,0.19340391195772574,4.2
2024-01-10,4,HK_2023_J049,3,0.10904090612761218,0.067691369185204,12.0
2024-01-10,4,HK_2022_H133,4,0.08219726371309714,0.13101555326168518,6.2
2024-01-10,4,HK_2022_H193,10,0.08881973162431522,0.1400511086590428,5.8
2024-01-10,4,HK_2022_H436,8,0.06681452139486893,0.013316334921679478,61.0
2024-01-10,4,HK_2022_H343,11,0.07246703869936164,0.1450529339682943,5.6
2024-01-10,4,HK_2020_E495,7,0.05471806314594287,0.067691369185204,12.0
2024-01-10,4,HK_2022_H180,6,0.06403351288879056,0.009556428590852331,85.0
2024-01-10,4,HK_2018_C531,5,0.044360397650297916,0.04512757945680267,18.0
2024-01-10,5,HK_2021_G166,11,0.10358112518212581,0.03352221368784184,24.0
2024-01-10,5,HK_2022_H149,8,0.09075190263005628,0.0903969807312589,8.9
2024-01-10,5,HK_2021_G211,6,0.08792676264287105,0.05363554190054695,15.0
2024-01-10,5,HK_2022_H323,3,0.10110093319690597,0.2514166026588138,3.2
2024-01-10,5,HK_2022_H106,4,0.10904087683465627,0.05363554190054695,15.0
2024-01-10,5,HK_2021_G081,1,0.08219725733089027,0.2873332601815015,2.8
2024-01-10,5,HK_2022_H378,5,0.08881972514088018,0.008468769773770571,95.0
2024-01-10,5,HK_2020_E343,12,0.0668145284544852,0.014898761639040818,54.0
2024-01-10,5,HK_2019_D033,7,0.07246702953479177,0.036569687659463834,22.0
2024-01-10,5,HK_2022_H199,9,0.05471806616081407,0.04732547814754143,17.0
2024-01-10,5,HK_2021_G408,2,0.06403349659798291,0.08045331285082043,10.0
2024-01-10,5,HK_2022_H247,10,0.04436039902617595,0.042343848868852854,19.0
2024-01-10,6,HK_2021_G236,8,0.16662731604071754,0.0741846566840214,11.0
2024-01-10,6,HK_2021_G171,10,0.13181824487954877,0.03022337864904575,27.0
2024-01-10,6,HK_2021_G448,11,0.0978394866674964,0.10461938763131223,7.8
2024-01-10,6,HK_2019_D482,7,0.12719603248123917,0.010200390294052942,80.0
2024-01-10,6,HK_2020_E054,5,0.15174916784182285,0.03264124894096941,25.0
2024-01-10,6,HK_2021_G070,6,0.06949730299379962,0.04080156117621177,20.0
2024-01-10,6,HK_2022_H215,3,0.07261088265430815,0.34001300980176474,2.4
2024-01-10,6,HK_2020_E249,4,0.06192205801284977,0.051001951470264706,16.0
2024-01-10,6,HK_2021_G446,1,0.02805873637454696,0.1990320057376184,4.1
2024-01-10,6,HK_2021_G209,12,0.013273007802330504,0.02331517781497815,35.0
2024-01-10,6,HK_2021_G371,2,0.04039023495199127,0.08160312235242353,10.0
2024-01-10,6,HK_2020_E120,9,0.037760000794525586,0.0123641094473369,66.0
2024-01-10,7,HK_2020_E192,3,0.12339815989310264,0.037003931889081916,22.0
2024-01-10,7,HK_2023_J050,11,0.1007594391745714,0.047887441268223654,17.0
2024-01-10,7,HK_2022_H165,5,0.09322866544190499,0.12150544799400032,6.7
2024-01-10,7,HK_2021_G476,12,0.1156848809975415,0.11971860317055914,6.8
2024-01-10,7,HK_2020_E273,7,0.1305671173648924,0.2087401286050775,3.9
2024-01-10,7,HK_2021_G402,2,0.08185168964604717,0.12150544799400032,6.7
2024-01-10,7,HK_2020_E441,4,0.09114055560994701,0.04522702786443345,18.0
2024-01-10,7,HK_2021_G360,10,0.061416711088039797,0.08140865015598023,10.0
2024-01-10,7,HK_2021_G144,9,0.06213394908153395,0.10711664494207923,7.6
2024-01-10,7,HK_2019_D288,1,0.03918966560992579,0.022002337879994654,37.0
2024-01-10,7,HK_2022_H033,6,0.055149688503122414,0.05088040634748764,16.0
2024-01-10,7,HK_2020_E480,8,0.03370913796723469,0.037003931889081916,22.0
2024-01-10,8,HK_2019_D278,11,0.11834756675044125,0.016772649989491375,49.0
2024-01-10,8,HK_2021_G221,8,0.10264151806241026,0.020546496237126937,40.0
2024-01-10,8,HK_2021_G268,5,0.09265467736543076,0.18263552210779496,4.5
2024-01-10,8,HK_2020_E218,1,0.10814197509154726,0.12841560148204334,6.4
2024-01-10,8,HK_2022_H362,2,0.11873025756170132,0.09339316471421333,8.8
2024-01-10,8,HK_2020_E434,4,0.08092266778289255,0.03735726588568534,22.0
2024-01-10,8,HK_2021_G033,6,0.08567390841774883,0.034244160395211554,24.0
2024-01-10,8,HK_2022_H037,3,0.06950743640290816,0.11258354102535306,7.3
2024-01-10,8,HK_2022_H203,9,0.05825776195258572,0.21073329473976346,3.9
2024-01-10,8,HK_2020_E431,12,0.04010946459293797,0.03160999421096452,26.0
2024-01-10,8,HK_2021_G137,7,0.06011938058009341,0.06848832079042311,12.0
2024-01-10,8,HK_2020_E413,10,0.0477343209260972,0.06321998842192904,13.0
2024-01-13,1,HK_2022_H189,3,0.097384625482656,0.0510987186538199,16.0
2024-01-13,1,HK_2021_G395,5,0.0840673449405187,0.19466178534788534,4.2
2024-01-13,1,HK_2021_G376,10,0.08519619599708532,0.020963576883618423,39.0
2024-01-13,1,HK_2022_H197,14,0.09920844457166969,0.020963576883618423,39.0
2024-01-13,1,HK_2019_D087,4,0.10699515569478234,0.15426028272851292,5.3
2024-01-13,1,HK_2021_G397,8,0.08265193944810408,0.0177734673578504,46.0
2024-01-13,1,HK_2022_H119,9,0.0917940704571992,0.04087897492305592,20.0
2024-01-13,1,HK_2018_C534,6,0.062411188001512886,0.03716270447550538,22.0
2024-01-13,1,HK_2021_G255,7,0.08239640277051734,0.14599633901091402,5.6
2024-01-13,1,HK_2021_G415,11,0.06339268192704758,0.02404645583709172,34.0
2024-01-13,1,HK_2020_E138,13,0.06387942952400089,0.01858135223775269,44.0
2024-01-13,1,HK_2021_G043,12,0.03778502844551095,0.028192396498659258,29.0
2024-01-13,1,HK_2020_E403,1,0.024599644045338757,0.11355270811959979,7.2
2024-01-13,1,HK_2021_G477,2,0.018237848694056237,0.13186766104211586,6.2
2024-01-13,2,HK_2023_J120,2,0.10358122367577144,0.373755717873229,2.2
2024-01-13,2,HK_2022_H383,5,0.09075184500396315,0.027408752644036794,30.0
2024-01-13,2,HK_2023_J040,4,0.08792668029535769,0.0632509676400849,13.0
2024-01-13,2,HK_2022_H404,9,0.10110087695930445,0.010963501057614717,75.0
2024-01-13,2,HK_2023_J063,11,0.1090409360248957,0.030454169604485323,27.0
2024-01-13,2,HK_2023_J028,6,0.08219733216565836,0.04568125440672799,18.0
2024-01-13,2,HK_2022_H407,7,0.08881960261735398,0.005555828238656107,148.0
2024-01-13,2,HK_2023_J024,3,0.06681456678858505,0.2569570560378449,3.2
2024-01-13,2,HK_2022_H319,1,0.07246695882233808,0.09343892946830724,8.8
2024-01-13,2,HK_2023_J033,8,0.05471812022568981,0.03162548382004245,26.0
2024-01-13,2,HK_2021_G210,10,0.06403355023965933,0.05481750528807359,15.0
2024-01-13,2,HK_2022_H270,12,0.04436037507072299,0.0060908339208970656,135.0
2024-01-13,3,HK_2023_J133,11,0.10358120786261442,0.09787790149206249,8.4
2024-01-13,3,HK_2019_D487,12,0.09075182424662999,0.11262662637442808,7.3
2024-01-13,3,HK_2022_H403,1,0.08792666654264251,0.2418159919215662,3.4
2024-01-13,3,HK_2022_H408,2,0.10110089281188954,0.11262662637442808,7.3
2024-01-13,3,HK_2023_J057,10,0.10904095550854555,0.010277179656666562,80.0
2024-01-13,3,HK_2023_J101,9,0.08219733198243827,0.013702906208888749,60.0
2024-01-13,3,HK_2023_J119,3,0.08881961720640986,0.08654467079298157,9.5
2024-01-13,3,HK_2022_H347,4,0.06681456124879424,0.17493071756028192,4.7
2024-01-13,3,HK_2023_J029,8,0.07246697513714041,0.014681685223809374,56.0
2024-01-13,3,HK_2022_H363,7,0.054718112400143216,0.035746711849275,23.0
2024-01-13,3,HK_2021_G025,5,0.064033553842368,0.016121066128104412,51.0
2024-01-13,3,HK_2020_E384,6,0.04436036815931591,0.08304791641750757,9.9
2024-01-13,4,HK_2023_J007,3,0.10305019248173462,0.5379415886355069,1.5
2024-01-13,4,HK_2022_H241,9,0.09203375662445298,0.03667783558878457,22.0
2024-01-13,4,HK_2018_C332,10,0.08786572197855655,0.018765404254726985,43.0
2024-01-13,4,HK_2019_D350,1,0.09912497551369506,0.10345030550682827,7.8
2024-01-13,4,HK_2023_J006,8,0.10610377692300452,0.0076848798376501,105.0
2024-01-13,4,HK_2022_H406,5,0.0814868198978373,0.03362134928971918,24.0
2024-01-13,4,HK_2022_H439,2,0.08642153263372303,0.1047938159679559,7.7
2024-01-13,4,HK_2022_H461,7,0.0696411990579514,0.004774629484930535,169.0
2024-01-13,4,HK_2021_G339,4,0.06928192022046217,0.08069123829532605,10.0
2024-01-13,4,HK_2019_D285,11,0.053408938522146406,0.018765404254726985,43.0
2024-01-13,4,HK_2022_H286,12,0.0652963367055015,0.014409149695593936,56.0
2024-01-13,4,HK_2021_G109,6,0.049978506403259404,0.038424399188250496,21.0
2024-01-13,5,HK_2021_G050,8,0.10398074980457905,0.01691630462094094,48.0
2024-01-13,5,HK_2023_J015,10,0.08937239492097396,0.22555072827921258,3.6
2024-01-13,5,HK_2022_H181,6,0.08787422332395631,0.05413217478701101,15.0
2024-01-13,5,HK_2022_H320,7,0.10298326352854761,0.03690830099114387,22.0
2024-01-13,5,HK_2022_H441,13,0.11191493791951868,0.07381660198228775,11.0
2024-01-13,5,HK_2022_H065,11,0.08280717550934756,0.026192987800166618,31.0
2024-01-13,5,HK_2021_G410,2,0.09116651642262888,0.06766521848376376,12.0
2024-01-13,5,HK_2022_H388,1,0.06402002969021657,0.25374456931411415,3.2
2024-01-13,5,HK_2022_H483,3,0.0757007316770947,0.03383260924188188,24.0
2024-01-13,5,HK_2020_E144,4,0.055987117917698795,0.04511014565584251,18.0
2024-01-13,5,HK_2023_J067,12,0.06271424988279442,0.0039999143931288925,203.0
2024-01-13,5,HK_2018_C436,14,0.03932300692651316,0.017651796126199243,46.0
2024-01-13,5,HK_2017_B385,5,0.018840313203691856,0.08201844664698639,9.9
2024-01-13,5,HK_2021_G278,9,0.01331528927243838,0.0624602016773204,13.0
2024-01-13,6,HK_2022_H260,1,0.10425519541703081,0.07406093385513192,11.0
2024-01-13,6,HK_2022_H361,4,0.08790717126029828,0.047921780729791245,17.0
2024-01-13,6,HK_2022_H090,8,0.08771532896322162,0.2809207835884315,2.9
2024-01-13,6,HK_2021_G223,2,0.10477343327712925,0.08855111656591862,9.2
2024-01-13,6,HK_2022_H163,13,0.11472543316342868,0.0073393718234815416,111.0
2024-01-13,6,HK_2022_H295,12,0.08332037682718513,0.019396911247772645,42.0
2024-01-13,6,HK_2021_G478,3,0.09346198769494712,0.12533388806253096,6.5
2024-01-13,6,HK_2021_G420,7,0.06126797366486996,0.03703046692756596,22.0
2024-01-13,6,HK_2022_H309,9,0.07898289747238436,0.012533388806253095,65.0
2024-01-13,6,HK_2022_H214,5,0.05721606976947313,0.15666736007816368,5.2
2024-01-13,6,HK_2022_H213,6,0.0613476283415917,0.05431135149376341,15.0
2024-01-13,6,HK_2022_H233,14,0.03481540162531089,0.06266694403126548,13.0
2024-01-13,6,HK_2022_H072,10,0.017865390882153286,0.016972297341801064,48.0
2024-01-13,6,HK_2021_G026,11,0.012345711640975992,0.016293405448129024,50.0
2024-01-13,7,HK_2018_C377,5,0.13816411579278343,0.020106587821964,40.0
2024-01-13,7,HK_2019_D334,9,0.11811141008011808,0.014622972961428362,55.0
2024-01-13,7,HK_2021_G306,6,0.09642799256131186,0.02062214135586051,39.0
2024-01-13,7,HK_2019_D489,8,0.1149615876312963,0.01517478326185962,53.0
2024-01-13,7,HK_2021_G213,4,0.12945042214425384,0.08936261254206221,9.0
2024-01-13,7,HK_2022_H399,1,0.07646467391192172,0.6702195940654666,1.2
2024-01-13,7,HK_2022_H274,3,0.07863842614527428,0.10180550795931137,7.9
2024-01-13,7,HK_2022_H089,2,0.07102870877558184,0.03829826251802666,21.0
2024-01-13,7,HK_2021_G246,7,0.04128183563161048,0.029787537514020735,27.0
2024-01-13,8,HK_2020_E301,8,0.1183476794645162,0.009966347508398407,81.0
2024-01-13,8,HK_2022_H398,4,0.1026414147824516,0.2522731713063347,3.2
2024-01-13,8,HK_2023_J079,6,0.0926545640526639,0.013682612681021541,59.0
2024-01-13,8,HK_2022_H036,1,0.10814196206219326,0.14415609788933412,5.6
2024-01-13,8,HK_2021_G065,3,0.11873032267170536,0.11212140946948208,7.2
2024-01-13,8,HK_2021_G407,7,0.08092277016983385,0.013020550777101144,62.0
2024-01-13,8,HK_2023_J110,11,0.08567379323694924,0.04748671459883947,17.0
2024-01-13,8,HK_2023_J020,5,0.06950748657652901,0.06209801139848239,13.0
2024-01-13,8,HK_2021_G471,12,0.05825771787545612,0.04036370740901355,20.0
2024-01-13,8,HK_2022_H433,2,0.04010949176980638,0.2604110155420229,3.1
2024-01-13,8,HK_2021_G333,9,0.06011942925996968,0.04036370740901355,20.0
2024-01-13,8,HK_2023_J036,10,0.04773428329337555,0.004056654010956136,199.0
2024-01-13,9,HK_2023_J052,9,0.123162060271819,0.01934933351028275,42.0
2024-01-13,9,HK_2022_H212,4,0.1025125851574266,0.2802317267006468,2.9
2024-01-13,9,HK_2022_H380,5,0.09346476732691576,0.13322491925112717,6.1
2024-01-13,9,HK_2023_J075,8,0.11379010604405294,0.0478042357312868,17.0
2024-01-13,9,HK_2022_H237,2,0.12746037417645614,0.2031680018579689,4.0
2024-01-13,9,HK_2021_G434,3,0.08140625758890585,0.06772266728598964,12.0
2024-01-13,9,HK_2023_J105,12,0.08896606257798549,0.015628307835228377,52.0
2024-01-13,9,HK_2022_H400,13,0.06422170812872051,0.004254827264041233,191.0
2024-01-13,9,HK_2022_H123,6,0.05959480219855446,0.054178133828791705,15.0
2024-01-13,9,HK_2023_J104,14,0.038375564609108445,0.00597552946641085,136.0
2024-01-13,9,HK_2022_H219,1,0.05641890428305223,0.054178133828791705,15.0
2024-01-13,9,HK_2023_J109,10,0.03810092044220635,0.0031377297584242302,259.0
2024-01-13,9,HK_2023_J053,7,0.007833017869476063,0.10554181914699683,7.7
2024-01-13,9,HK_2022_H419,11,0.004692869325320026,0.005604634534012935,145.0
2024-01-13,10,HK_2022_H334,2,0.11882775566863023,0.2274633414600783,3.6
2024-01-13,10,HK_2023_J080,12,0.10110135971886432,0.009412276198348068,87.0
2024-01-13,10,HK_2022_H198,4,0.09261771372904537,0.28236828595044206,2.9
2024-01-13,10,HK_2020_E471,8,0.11017728701491136,0.06298984840432938,13.0
2024-01-13,10,HK_2020_E445,13,0.12188392340146424,0.09986195478735145,8.2
2024-01-13,10,HK_2020_E279,3,0.08153933425730274,0.09412276198348069,8.7
2024-01-13,10,HK_2020_E346,5,0.08795505082343077,0.011065784179138945,74.0
2024-01-13,10,HK_2020_E467,10,0.06661353574912884,0.007311321689788231,112.0
2024-01-13,10,HK_2021_G195,11,0.06086950211686222,0.04309831732927799,19.0
2024-01-13,10,HK_2021_G139,6,0.0410478503831367,0.03411950121901174,24.0
2024-01-13,10,HK_2021_G412,7,0.05889245580868643,0.04309831732927799,19.0
2024-01-13,10,HK_2022_H381,14,0.042322206472546677,0.01949685783943528,42.0
2024-01-13,10,HK_2022_H395,9,0.00989763550039931,0.0481687076033107,17.0
2024-01-13,10,HK_2022_H392,1,0.006254389355590809,0.0174227240267294,47.0
2024-01-17,1,HK_2021_G295,10,0.09780098057417509,0.03897118722546493,21.0
2024-01-17,1,HK_2022_H083,3,0.08125178301724084,0.30310923397583833,2.7
2024-01-17,1,HK_2020_E487,11,0.08480316391619501,0.024070439168669515,34.0
2024-01-17,1,HK_2020_E166,1,0.10258448489587102,0.14357805819908132,5.7
2024-01-17,1,HK_2021_G030,7,0.11232349990980095,0.08183949317347636,10.0
2024-01-17,1,HK_2021_G301,4,0.08359541221658616,0.12399923208102479,6.6
2024-01-17,1,HK_2021_G322,5,0.09637796442831072,0.04814087833733903,17.0
2024-01-17,1,HK_2019_D274,9,0.057103289754800744,0.03409978882228181,24.0
2024-01-17,1,HK_2022_H285,2,0.08960613828139748,0.08183949317347636,10.0
2024-01-17,1,HK_2021_G282,8,0.06613968368674707,0.024070439168669515,34.0
2024-01-17,1,HK_2020_E296,6,0.061064323805992596,0.09628175667467806,8.5
2024-01-17,2,HK_2019_D198,7,0.10441098381494533,0.05062048166466048,16.0
2024-01-17,2,HK_2021_G151,10,0.08636733711932577,0.022497991850960214,36.0
2024-01-17,2,HK_2022_H296,3,0.08745687164330057,0.053995180442304516,15.0
2024-01-17,2,HK_2021_G229,5,0.10647312833973861,0.12655120416165122,6.4
2024-01-17,2,HK_2021_G436,9,0.11747216844715451,0.023140791618130506,35.0
2024-01-17,2,HK_2022_H386,2,0.08374092466118227,0.10124096332932096,8.0
2024-01-17,2,HK_2020_E478,8,0.09570595103148467,0.07362979151223344,11.0
2024-01-17,2,HK_2022_H027,6,0.058567269795667454,0.14209258011132767,5.7
2024-01-17,2,HK_2022_H251,1,0.08231334119042151,0.31151065639791065,2.6
2024-01-17,2,HK_2017_B213,11,0.058405214680945956,0.01372758824804352,59.0
2024-01-17,2,HK_2021_G172,4,0.05994226790280411,0.08099277066345678,10.0
2024-01-17,3,HK_2021_G015,8,0.10358112685185376,0.09780149597467437,8.3
2024-01-17,3,HK_2022_H358,9,0.09075187366627659,0.006997865660256873,116.0
2024-01-17,3,HK_2022_H121,7,0.08792677950809158,0.04775014215234102,17.0
2024-01-17,3,HK_2022_H425,11,0.1011009271942548,0.054116827772653156,15.0
2024-01-17,3,HK_2023_J086,2,0.10904089697279977,0.06244249358383057,13.0
2024-01-17,3,HK_2022_H058,4,0.08219726894791,0.1399573132051375,5.8
2024-01-17,3,HK_2022_H148,5,0.08881970700734715,0.09550028430468203,8.5
2024-01-17,3,HK_2022_H277,10,0.06681452918208451,0.27058413886326577,3.0
2024-01-17,3,HK_2022_H317,6,0.07246699806272994,0.019798839429019447,41.0
2024-01-17,3,HK_2021_G083,12,0.05471807459942116,0.06244249358383057,13.0
2024-01-17,3,HK_2022_H068,1,0.06403353806494971,0.12884958993488846,6.3
2024-01-17,3,HK_2022_H247,3,0.044360382389361436,0.013758515535420294,59.0
2024-01-17,4,HK_2020_E061,8,0.11772219868955916,0.11378557930493415,7.2
2024-01-17,4,HK_2021_G394,2,0.10407488713698478,0.12047884867581261,6.8
2024-01-17,4,HK_2021_G451,5,0.09257580873482618,0.0630197054611943,13.0
2024-01-17,4,HK_2020_E459,9,0.10601173040457083,0.030342821147982434,27.0
2024-01-17,4,HK_2022_H150,3,0.11551382560104068,0.10779686460467444,7.6
2024-01-17,4,HK_2021_G208,4,0.08021052600103237,0.13213809209605254,6.2
2024-01-17,4,HK_2023_J138,7,0.08334758482004125,0.024825944575621994,33.0
2024-01-17,4,HK_2022_H336,10,0.07243654008036376,0.008623749168373955,95.0
2024-01-17,4,HK_2022_H208,1,0.0556883965118427,0.2925914896412592,2.8
2024-01-17,4,HK_2022_H229,6,0.039143615102146,0.10639690532409425,7.7
2024-01-17,5,HK_2018_C037,9,0.10430493396865238,0.0810045136422339,10.0
2024-01-17,5,HK_2022_H128,2,0.08752883356843164,0.08526790909708831,9.5
2024-01-17,5,HK_2019_D222,11,0.08765989796688992,0.022501253789509415,36.0
2024-01-17,5,HK_2022_H073,4,0.10520682247774941,0.16531533396374262,4.9
2024-01-17,5,HK_2022_H207,5,0.11541803625534972,0.12656955256599048,6.4
2024-01-17,5,HK_2023_J048,7,0.08343395384327755,0.005625313447377354,144.0
2024-01-17,5,HK_2020_E347,1,0.09402789226751238,0.1928678896243664,4.2
2024-01-17,5,HK_2022_H437,10,0.060587640594475904,0.035219353757493,23.0
2024-01-17,5,HK_2022_H066,3,0.07981100958501929,0.1396629545555757,5.8
2024-01-17,5,HK_2019_D164,12,0.057517043315467815,0.03857357792487328,21.0
2024-01-17,5,HK_2016_A164,8,0.060999585573259185,0.03375188068426412,24.0
2024-01-17,5,HK_2021_G304,6,0.03376557097775321,0.07364046694748537,11.0
2024-01-17,6,HK_2021_G088,9,0.10358109392193567,0.05847028979030423,14.0
2024-01-17,6,HK_2022_H377,6,0.0907518776258785,0.3410766904434414,2.4
2024-01-17,6,HK_2021_G244,1,0.08792677741927517,0.12038000839180285,6.8
2024-01-17,6,HK_2020_E209,2,0.10110093740138779,0.04815200335672114,17.0
2024-01-17,6,HK_2020_E236,4,0.10904089688455286,0.09630400671344228,8.5
2024-01-17,6,HK_2022_H159,7,0.08219726795380779,0.015742001097389602,52.0
2024-01-17,6,HK_2019_D050,11,0.08881970841130603,0.031484002194779204,26.0
2024-01-17,6,HK_2022_H173,8,0.06681452417015904,0.026405937324653527,31.0
2024-01-17,6,HK_2019_D118,5,0.07246701563168867,0.014883346492077442,55.0
2024-01-17,6,HK_2021_G408,3,0.054718074061921064,0.20989334796519474,3.9
2024-01-17,6,HK_2019_D090,10,0.06403354194455621,0.03720836623019361,22.0
2024-01-17,7,HK_2022_H171,9,0.12323320406856923,0.054571616204424606,15.0
2024-01-17,7,HK_2022_H122,8,0.10208163629662804,0.11061814095491472,7.4
2024-01-17,7,HK_2022_H258,3,0.09341507393166879,0.10105854852671224,8.1
2024-01-17,7,HK_2022_H166,2,0.114272331976238,0.12790222547912017,6.4
2024-01-17,7,HK_2021_G204,7,0.12824276146183058,0.054571616204424606,15.0
2024-01-17,7,HK_2022_H116,6,0.08152543827609497,0.05846958879045493,14.0
2024-01-17,7,HK_2020_E355,4,0.0895137435018368,0.051160890191648066,16.0
2024-01-17,7,HK_2020_E447,5,0.06351496463692802,0.06296724946664378,13.0
2024-01-17,7,HK_2020_E472,11,0.060225687950206545,0.040928712153318454,20.0
2024-01-17,7,HK_2023_J111,12,0.03858130984212135,0.008995321352377683,91.0
2024-01-17,7,HK_2022_H357,10,0.056104464820116655,0.025580445095824033,32.0
2024-01-17,7,HK_2021_G466,1,0.03695573250122355,0.30317564558013665,2.7
2024-01-17,8,HK_2021_G449,11,0.11834756692972408,0.10102977218318294,8.1
2024-01-17,8,HK_2021_G093,4,0.10264147729150003,0.01995954035814102,41.0
2024-01-17,8,HK_2020_E385,10,0.09265467897829736,0.011058664252483539,74.0
2024-01-17,8,HK_2021_H009,5,0.10814202382550725,0.037197325212899174,22.0
2024-01-17,8,HK_2022_H368,2,0.11873026189804586,0.4813771498139893,1.7
2024-01-17,8,HK_2021_G016,3,0.08092269883429083,0.10102977218318294,8.1
2024-01-17,8,HK_2022_H341,8,0.08567388122983753,0.048137714981398926,17.0
2024-01-17,8,HK_2022_H185,1,0.069507440231657,0.10911215395783758,7.5
2024-01-17,8,HK_2022_H024,7,0.05825773577481124,0.03273364618735127,25.0
2024-01-17,8,HK_2021_G137,9,0.040109457511277424,0.00997977017907051,82.0
2024-01-17,8,HK_2023_J037,12,0.06011940966094541,0.005313903601842739,154.0
2024-01-17,8,HK_2021_G458,6,0.047734300690522535,0.04307058708862009,19.0
2024-01-21,1,HK_2022_H283,9,0.09699951345925811,0.11440439924656533,7.1
2024-01-21,1,HK_2021_G015,6,0.08535531979370005,0.08461158694277228,9.6
2024-01-21,1,HK_2022_H029,10,0.08523749898076301,0.09786400417477273,8.3
2024-01-21,1,HK_2021_G427,7,0.09738407459627609,0.040613561732530695,20.0
2024-01-21,1,HK_2021_G063,2,0.1042356774124807,0.11772046878994404,6.9
2024-01-21,1,HK_2021_G126,8,0.08203402079678405,0.03867958260241018,21.0
2024-01-21,1,HK_2021_G384,1,0.08942090066158388,0.11945165215450203,6.8
2024-01-21,1,HK_2021_G042,14,0.06512816700893606,0.045126179702811874,18.0
2024-01-21,1,HK_2018_C102,13,0.07886771383258201,0.031241201332715917,26.0
2024-01-21,1,HK_2021_G403,12,0.06194882874599291,0.020827467555143944,39.0
2024-01-21,1,HK_2021_G397,11,0.06521593024379117,0.014768567902738432,55.0
2024-01-21,1,HK_2022_H119,4,0.04262056724204055,0.0676892695542178,12.0
2024-01-21,1,HK_2020_E255,5,0.025907680566013978,0.07384283951369217,11.0
2024-01-21,1,HK_2019_D281,3,0.019644106659797437,0.1331592187951826,6.1
2024-01-21,2,HK_2022_H254,9,0.10398073658809877,0.05461735598517075,15.0
2024-01-21,2,HK_2021_G078,7,0.08937244989129096,0.08192603397775614,10.0
2024-01-21,2,HK_2022_H393,8,0.08787431474597758,0.006068595109463417,135.0
2024-01-21,2,HK_2022_H147,10,0.10298321349021294,0.06302002613673549,13.0
2024-01-21,2,HK_2022_H409,3,0.11191490265129726,0.008031964115466287,102.0
2024-01-21,2,HK_2022_H418,4,0.0828071841685407,0.22757231660487814,3.6
2024-01-21,2,HK_2022_H242,1,0.09116650248112444,0.3723910635352551,2.2
2024-01-21,2,HK_2022_H435,5,0.06402001480922836,0.06302002613673549,13.0
2024-01-21,2,HK_2021_G212,2,0.07570071819458703,0.08192603397775614,10.0
2024-01-21,2,HK_2022_H484,12,0.05598709056942389,0.0033576243433506613,244.0
2024-01-21,2,HK_2022_H172,6,0.0627142586489489,0.02409589234639886,34.0
2024-01-21,2,HK_2022_H488,11,0.03932301220602008,0.004334710792473869,189.0
2024-01-21,2,HK_2021_G179,13,0.018840311326156493,0.009638356938559545,85.0
2024-01-21,3,HK_2019_D476,8,0.11834762008715621,0.03095682759337849,26.0
2024-01-21,3,HK_2022_H411,1,0.10264147193524843,0.4024387587139204,2.0
2024-01-21,3,HK_2023_J055,10,0.09265465196231545,0.02981027842325336,27.0
2024-01-21,3,HK_2023_J062,2,0.10814196474520416,0.44715417634880045,1.8
2024-01-21,3,HK_2021_G195,7,0.11873027087706725,0.01871808180064746,43.0
2024-01-21,3,HK_2020_E364,6,0.08092278090406257,0.02981027842325336,27.0
2024-01-21,3,HK_2023_J134,9,0.08567376680784405,0.008048775174278407,100.0
2024-01-21,3,HK_2020_E422,3,0.06950747696546798,0.016426071784241648,49.0
2024-01-21,3,HK_2022_H076,4,0.058257699205102244,0.009043567611548772,89.0
2024-01-21,3,HK_2020_E234,5,0.0401094691063882,0.007593184126677742,106.0
2024-01-21,4,HK_2021_G334,2,0.10305019288240576,0.024608563420555233,33.0
2024-01-21,4,HK_2019_D350,8,0.09203382774338986,0.08120825928783228,10.0
2024-01-21,4,HK_2023_J042,6,0.0878657876416284,0.4274118909885909,1.9
2024-01-21,4,HK_2022_H412,1,0.09912494586814967,0.10974089092950305,7.4
2024-01-21,4,HK_2020_E105,13,0.10610369902935819,0.01691838735163172,48.0
2024-01-21,4,HK_2019_D285,7,0.0814868498913911,0.014247063032953028,57.0
2024-01-21,4,HK_2023_J161,5,0.08642150576913989,0.023202359796523506,35.0
2024-01-21,4,HK_2022_H373,12,0.06964119545609529,0.005678899250897361,143.0
2024-01-21,4,HK_2022_H466,10,0.06928189654844637,0.09442820847422356,8.6
2024-01-21,4,HK_2022_H057,14,0.05340891623661212,0.0041645261173247315,195.0
2024-01-21,4,HK_2022_H321,11,0.06529635446320144,0.021370594549429543,38.0
2024-01-21,4,HK_2022_H097,3,0.04997849522283176,0.1450147487282719,5.6
2024-01-21,4,HK_2022_H291,9,0.02087492586738266,0.02388478214348008,34.0
2024-01-21,4,HK_2021_G285,4,0.015431407379967644,0.008120825928783227,100.0
2024-01-21,5,HK_2021_G095,11,0.10398071589595068,0.035630070098667276,23.0
2024-01-21,5,HK_2019_D167,6,0.08937244328872752,0.1707274192227807,4.8
2024-01-21,5,HK_2022_H298,1,0.08787432102621782,0.12416539579838597,6.6
2024-01-21,5,HK_2021_G003,5,0.10298323762086115,0.018624809369757894,44.0
2024-01-21,5,HK_2021_G328,8,0.1119149033668893,0.018210924717096608,45.0
2024-01-21,5,HK_2021_H019,4,0.08280718140216033,0.13217606649505603,6.2
2024-01-21,5,HK_2022_H202,13,0.09116648814268864,0.004159855899844403,197.0
2024-01-21,5,HK_2023_J098,9,0.06402002819101368,0.110742109766128,7.4
2024-01-21,5,HK_2020_E065,10,0.07570071203671098,0.06303781632841134,13.0
2024-01-21,5,HK_2022_H244,2,0.05598709124535314,0.043131137487860384,19.0
2024-01-21,5,HK_2021_G140,3,0.06271426399504637,0.06303781632841134,13.0
2024-01-21,5,HK_2022_H268,12,0.03932301125274129,0.004603885462187344,178.0
2024-01-21,5,HK_2019_D343,14,0.018840312559504472,0.011876690032889093,69.0
2024-01-21,5,HK_2022_H235,7,0.01331528997613469,0.19987600299252375,4.1
2024-01-21,6,HK_2022_H477,3,0.10358121680761101,0.1203254361704791,6.8
2024-01-21,6,HK_2022_H430,8,0.09075188772880599,0.022113863944844808,37.0
2024-01-21,6,HK_2023_J114,2,0.08792672310810212,0.43063840313645146,1.9
2024-01-21,6,HK_2022_H422,10,0.10110087472741544,0.010626142415055297,77.0
2024-01-21,6,HK_2023_J034,13,0.10904088476516847,0.00505069732073616,162.0
2024-01-21,6,HK_2023_J065,6,0.082197366966499,0.019028208510680416,43.0
2024-01-21,6,HK_2023_J030,11,0.08881956611189445,0.023377513313121653,35.0
2024-01-21,6,HK_2022_H326,5,0.0668145762509516,0.03896252218853609,21.0
2024-01-21,6,HK_2022_H315,9,0.07246694510472947,0.007718990244898659,106.0
2024-01-21,6,HK_2022_H282,1,0.05471807799528439,0.07438299690538708,11.0
2024-01-21,6,HK_2022_H201,7,0.06403357524044756,0.0409106482979629,20.0
2024-01-21,6,HK_2021_G401,12,0.04436036686431476,0.06818441382993816,12.0
2024-01-21,6,HK_2022_H095,4,0.01984433858842553,0.1386801637219081,5.9
2024-01-21,7,HK_2020_E314,4,0.32298544627803444,0.14097129283814336,5.8
2024-01-21,7,HK_2020_E436,1,0.22880573674984409,0.4303334202427534,1.9
2024-01-21,7,HK_2021_G435,6,0.06789016173750084,0.07433031804193013,11.0
2024-01-21,7,HK_2020_E198,7,0.10478695426905249,0.011680478549446163,70.0
2024-01-21,7,HK_2021_H008,2,0.15570265844824785,0.2477677268064338,3.3
2024-01-21,7,HK_2020_E058,3,0.020097157501036987,0.06813612487176929,12.0
2024-01-21,7,HK_2019_D435,8,0.015880966716542134,0.016686397927780233,49.0
2024-01-21,7,HK_2020_E269,5,0.03803582539220612,0.010094240721743598,81.0
2024-01-21,8,HK_2020_E365,6,0.1456064534511145,0.010882890158851853,75.0
2024-01-21,8,HK_2022_H139,8,0.11481307975738335,0.08244613756705947,9.9
2024-01-21,8,HK_2018_C462,5,0.09660686086201484,0.06801806349282406,12.0
2024-01-21,8,HK_2020_E306,3,0.12504745455265662,0.24006375350408496,3.4
2024-01-21,8,HK_2022_H452,2,0.14618775203032625,0.2814540558323755,2.9
2024-01-21,8,HK_2018_C465,13,0.076940993451867,0.012366920635058922,66.0
2024-01-21,8,HK_2023_J052,9,0.0845660953271216,0.05441445079425926,15.0
2024-01-21,8,HK_2022_H265,10,0.05981178425777015,0.03886746485304232,21.0
2024-01-21,8,HK_2021_G057,12,0.044232868950843954,0.006976211640289649,117.0
2024-01-21,8,HK_2018_C461,1,0.023681279610410118,0.014840304762070705,55.0
2024-01-21,8,HK_2021_G115,3,0.04682389169124291,0.14575299319890872,5.6
2024-01-21,8,HK_2020_E053,11,0.03200448222617061,0.006091169865029021,134.0
2024-01-21,8,HK_2023_J075,7,0.0024819176730796868,0.026329572964964156,31.0
2024-01-21,8,HK_2023_J077,14,0.0011950861579984949,0.011496010731181533,71.0
2024-01-21,9,HK_2022_H115,5,0.13882777455473347,0.04600095636898584,21.0
2024-01-21,9,HK_2022_H093,6,0.11642584285074536,0.09857347793354107,9.8
2024-01-21,9,HK_2020_E315,11,0.09646144051317866,0.012880267783316036,75.0
2024-01-21,9,HK_2022_H257,8,0.11721240280384382,0.04391000380675921,22.0
2024-01-21,9,HK_2022_H117,7,0.132987544253779,0.09660200837487026,10.0
2024-01-21,9,HK_2021_G173,3,0.07710462212342056,0.12880267783316035,7.5
2024-01-21,9,HK_2021_G365,4,0.08079241593777153,0.25421581151281647,3.8
2024-01-21,9,HK_2021_G061,9,0.06812209129709014,0.008625179319184844,112.0
2024-01-21,9,HK_2022_H389,10,0.0431646622468353,0.00607559801099813,159.0
2024-01-21,9,HK_2021_G335,2,0.025531053540467485,0.07430923721143866,13.0
2024-01-21,9,HK_2022_H338,1,0.05206029870349756,0.23000478184492917,4.2
2024-01-21,10,HK_2023_J039,10,0.11882775720206476,0.0545102818079297,15.0
2024-01-21,10,HK_2022_H459,2,0.10110142635036559,0.2477740082178623,3.3
2024-01-21,10,HK_2020_E490,11,0.09261779454644498,0.019942786027291357,41.0
2024-01-21,10,HK_2020_E322,5,0.11017725169175534,0.0062896479009149665,130.0
2024-01-21,10,HK_2023_J078,3,0.12188385493444494,0.04542523483994142,18.0
2024-01-21,10,HK_2021_G131,6,0.08153933349619533,0.008095586407118273,101.0
2024-01-21,10,HK_2021_G315,14,0.08795502260379559,0.051103389194934096,16.0
2024-01-21,10,HK_2023_J083,8,0.06661353659717732,0.051103389194934096,16.0
2024-01-21,10,HK_2021_G374,9,0.060869483981760154,0.01514174494664714,54.0
2024-01-21,10,HK_2021_G461,7,0.041047831871235285,0.07433220246535868,11.0
2024-01-21,10,HK_2022_H360,12,0.05889247290863051,0.0034211473938031193,239.0
2024-01-21,10,HK_2022_H161,4,0.04232220878894954,0.10094496631098093,8.1
2024-01-21,10,HK_2023_J027,1,0.009897636136789557,0.31448239504574826,2.6
2024-01-21,10,HK_2022_H297,13,0.006254388890391176,0.007433220246535868,110.0
2024-01-24,1,HK_2022_H329,7,0.10441110317519844,0.093027114493812,8.8
2024-01-24,1,HK_2022_H070,9,0.08636730626795713,0.054575907169703036,15.0
2024-01-24,1,HK_2020_E449,4,0.0874567057008221,0.15743050145106643,5.2
2024-01-24,1,HK_2022_H332,6,0.10647312770966202,0.14618546563313314,5.6
2024-01-24,1,HK_2020_E168,1,0.11747214243860446,0.22125367771501228,3.7
2024-01-24,1,HK_2021_G420,2,0.08374097149245974,0.1488433831900992,5.5
2024-01-24,1,HK_2017_B370,10,0.09570590235933543,0.0255824564857983,32.0
2024-01-24,1,HK_2018_C197,3,0.05856731955063706,0.08802565672532747,9.3
2024-01-24,1,HK_2021_G143,8,0.08231335338531791,0.032745544301821826,25.0
2024-01-24,1,HK_2021_G026,5,0.05840529495020281,0.020465965188638642,40.0
2024-01-24,1,HK_2020_E025,11,0.059942230698616907,0.011864327645587617,69.0
2024-01-24,2,HK_2019_D270,4,0.14504712100533898,0.3545181144600988,2.3
2024-01-24,2,HK_2018_C517,1,0.11827326285789941,0.09943800771441795,8.2
2024-01-24,2,HK_2019_D433,6,0.09698735905368402,0.11484389623355312,7.1
2024-01-24,2,HK_2022_H110,5,0.12142529496916361,0.06272243563524825,13.0
2024-01-24,2,HK_2021_G227,3,0.1400854152022049,0.09943800771441795,8.2
2024-01-24,2,HK_2022_H210,2,0.07617178559624098,0.18531628710414252,4.4
2024-01-24,2,HK_2020_E120,7,0.08102695134542867,0.05824226166130193,14.0
2024-01-24,2,HK_2020_E430,8,0.06464175895029346,0.025480989476819597,32.0
2024-01-24,3,HK_2020_E369,3,0.10430507660685782,0.10075043157873828,8.1
2024-01-24,3,HK_2021_G432,11,0.08752881982506867,0.004584710650493146,178.0
2024-01-24,3,HK_2021_G354,4,0.08765970792206366,0.24729651387508486,3.3
2024-01-24,3,HK_2020_E383,2,0.10520678574398673,0.07418895416252545,11.0
2024-01-24,3,HK_2023_J094,14,0.11541798902867514,0.006326189889827752,129.0
2024-01-24,3,HK_2021_G128,13,0.08343399181914918,0.05440523305251867,15.0
2024-01-24,3,HK_2023_J005,6,0.09402783849619846,0.010200981197347251,80.0
2024-01-24,3,HK_2022_H465,8,0.06058771193446831,0.008000769566546863,102.0
2024-01-24,3,HK_2019_D419,10,0.07981103528572962,0.12364825693754243,6.6
2024-01-24,3,HK_2022_H195,5,0.0575171318415192,0.1736337225080383,4.7
2024-01-24,3,HK_2021_G054,12,0.060999547961842836,0.02266884710521611,36.0
2024-01-24,3,HK_2022_H072,1,0.03376555221390296,0.05829132112769857,14.0
2024-01-24,3,HK_2017_B385,7,0.017626450808557133,0.026325112767347742,31.0
2024-01-24,3,HK_2021_G272,9,0.012112360511980173,0.08967895558107472,9.1
2024-01-24,4,HK_2020_E310,12,0.09769812715357033,0.0315732769463099,26.0
2024-01-24,4,HK_2022_H022,4,0.08234138666529156,0.16753167359266477,4.9
2024-01-24,4,HK_2020_E400,3,0.0849966903563677,0.08209052006040575,10.0
2024-01-24,4,HK_2022_H196,7,0.10136061859607602,0.08209052006040575,10.0
2024-01-24,4,HK_2022_H248,11,0.11035521062207868,0.019545361919144223,42.0
2024-01-24,4,HK_2021_G030,8,0.0832859007138123,0.13240406461355764,6.2
2024-01-24,4,HK_2020_E116,5,0.09468450502495922,0.012437957584909962,66.0
2024-01-24,4,HK_2021_H016,6,0.05907101930334301,0.20522630015101437,4.0
2024-01-24,4,HK_2020_E494,2,0.08687888671662669,0.024875915169819924,33.0
2024-01-24,4,HK_2021_G251,10,0.06513156397559886,0.10945402674720765,7.5
2024-01-24,4,HK_2021_G443,13,0.06213905790687569,0.0631465538926198,13.0
2024-01-24,4,HK_2021_G164,14,0.03244816055650847,0.006172219553413965,133.0
2024-01-24,4,HK_2020_E151,1,0.02301701149761809,0.04560584447800319,18.0
2024-01-24,4,HK_2020_E328,9,0.016591860911273352,0.01784576523052299,46.0
2024-01-24,5,HK_2020_E360,6,0.1035812403027106,0.14387180211251577,5.7
2024-01-24,5,HK_2020_E414,1,0.09075183742276743,0.0630822516954877,13.0
2024-01-24,5,HK_2020_E177,9,0.08792660486012678,0.08200692720413401,10.0
2024-01-24,5,HK_2020_E418,10,0.1011009138411521,0.13226923742602256,6.2
2024-01-24,5,HK_2022_H464,4,0.10904085712211241,0.0164013854408268,50.0
2024-01-24,5,HK_2023_J093,8,0.08219730902876325,0.0630822516954877,13.0
2024-01-24,5,HK_2021_G252,11,0.08881965307165401,0.022164034379495677,37.0
2024-01-24,5,HK_2020_E323,7,0.06681460071863508,0.14644094143595357,5.6
2024-01-24,5,HK_2021_G201,3,0.07246704238137587,0.058576376574381424,14.0
2024-01-24,5,HK_2020_E144,5,0.05471815586178122,0.1261645033909754,6.5
2024-01-24,5,HK_2023_J067,12,0.06403350441955602,0.015770562923871925,52.0
2024-01-24,5,HK_2021_H011,2,0.04436035194992002,0.13016972572084762,6.3
2024-01-24,6,HK_2022_H454,6,0.10358120652067437,0.054432691071383744,15.0
2024-01-24,6,HK_2019_D144,11,0.09075184324410561,0.03265961464283025,25.0
2024-01-24,6,HK_2022_H048,10,0.08792662829234996,0.0742263969155233,11.0
2024-01-24,6,HK_2023_J016,9,0.10110093231574414,0.08972421605173145,9.1
2024-01-24,6,HK_2022_H228,3,0.1090408583485252,0.08247377435058144,9.9
2024-01-24,6,HK_2022_H224,12,0.08219732770308238,0.2401442253149283,3.4
2024-01-24,6,HK_2022_H226,4,0.08881965239435381,0.10886538214276749,7.5
2024-01-24,6,HK_2022_H108,2,0.06681459168033217,0.10603770987931897,7.7
2024-01-24,6,HK_2022_H426,7,0.07246701722001261,0.14324392387206247,5.7
2024-01-24,6,HK_2022_H172,8,0.054718157821522395,0.03265961464283025,25.0
2024-01-24,6,HK_2019_D285,5,0.06403350040195088,0.015120191964273262,54.0
2024-01-24,6,HK_2019_D186,1,0.04436035498419814,0.020412259151768905,40.0
2024-01-24,7,HK_2021_G235,12,0.11834770062968093,0.05813978057289943,14.0
2024-01-24,7,HK_2022_H262,3,0.10264142737622446,0.18929230884199816,4.3
2024-01-24,7,HK_2022_H141,1,0.09265450341955457,0.22609914667238667,3.6
2024-01-24,7,HK_2021_G022,8,0.10814202089703331,0.05813978057289943,14.0
2024-01-24,7,HK_2021_G269,11,0.11873023011947609,0.019852608000502245,41.0
2024-01-24,7,HK_2020_E126,2,0.0809227373401979,0.05813978057289943,14.0
2024-01-24,7,HK_2020_E300,5,0.08567384304641895,0.05813978057289943,14.0
2024-01-24,7,HK_2020_E097,9,0.06950752423584786,0.09043965866895466,9.0
2024-01-24,7,HK_2022_H088,6,0.0582577582737982,0.07399608436550836,11.0
2024-01-24,7,HK_2022_H155,10,0.040109519817581075,0.1115009490439167,7.3
2024-01-24,7,HK_2022_H456,4,0.06011937713972307,0.035389431653069216,23.0
2024-01-24,7,HK_2021_G261,7,0.04773427428782509,0.020870690462066462,39.0
2024-01-24,8,HK_2019_D029,12,0.12323336070410242,0.011998698655482667,72.0
2024-01-24,8,HK_2021_G326,3,0.10208161724628889,0.1289412392827988,6.7
2024-01-24,8,HK_2022_H113,6,0.09341489419528777,0.030853796542669714,28.0
2024-01-24,8,HK_2021_G317,2,0.11427227926587909,0.19197917848772267,4.5
2024-01-24,8,HK_2022_H120,4,0.1282427316062511,0.06170759308533943,14.0
2024-01-24,8,HK_2020_E130,11,0.0815254880555717,0.008469669639164236,102.0
2024-01-24,8,HK_2022_H337,7,0.08951369906933819,0.04546875279972379,19.0
2024-01-24,8,HK_2019_D082,1,0.06351504259685349,0.03756114361716313,23.0
2024-01-24,8,HK_2022_H429,5,0.06022571935134837,0.3756114361716314,2.3
2024-01-24,8,HK_2022_H342,9,0.03858136209776449,0.008387439836842252,103.0
2024-01-24,8,HK_2021_G433,10,0.0561044303202196,0.07199219193289601,12.0
2024-01-24,8,HK_2022_H071,13,0.036955711637038854,0.005957974504791394,145.0
2024-01-24,8,HK_2020_E444,8,0.0077290326759921445,0.021070885443774442,41.0
2024-01-28,1,HK_2020_E161,9,0.10445474172987337,0.09724777338741938,8.4
2024-01-28,1,HK_2020_E452,1,0.08476318260635017,0.1738045311604942,4.7
2024-01-28,1,HK_2020_G001,4,0.08710522241328092,0.07426193604130207,11.0
2024-01-28,1,HK_2022_H168,3,0.10808391775742994,0.01183885936890323,69.0
2024-01-28,1,HK_2019_D241,10,0.12015538808520279,0.03267525185817292,25.0
2024-01-28,1,HK_2022_H354,6,0.08407328801646903,0.08168812964543229,10.0
2024-01-28,1,HK_2021_G420,5,0.09789815712695944,0.10340269575371173,7.9
2024-01-28,1,HK_2021_G029,8,0.055925472554518504,0.06807344137119357,12.0
2024-01-28,1,HK_2022_H276,2,0.08569189363678843,0.05445875309695486,15.0
2024-01-28,1,HK_2022_H206,7,0.059555056201507466,0.3025486283164159,2.7
2024-01-28,2,HK_2022_H022,7,0.09764986628537052,0.0984917062698182,10.0
2024-01-28,2,HK_2022_H189,2,0.08269605737491069,0.09948657198971533,9.9
2024-01-28,2,HK_2022_H040,9,0.08504926765378164,0.025918870071004785,38.0
2024-01-28,2,HK_2022_H101,10,0.10094143056122779,0.011066483850541368,89.0
2024-01-28,2,HK_2021_G437,3,0.1096911663166458,0.17279246714003188,5.7
2024-01-28,2,HK_2020_E194,5,0.08317110267292421,0.05471761459434343,18.0
2024-01-28,2,HK_2021_G193,8,0.09411312654799142,0.15152570195356643,6.5
2024-01-28,2,HK_2021_G255,13,0.05973330027707313,0.06566113751321212,15.0
2024-01-28,2,HK_2022_H030,4,0.08597605501387147,0.06155731641863636,16.0
2024-01-28,2,HK_2020_E376,11,0.06478961347851782,0.0984917062698182,10.0
2024-01-28,2,HK_2021_G415,12,0.062492618529438014,0.0289681489028877,34.0
2024-01-28,2,HK_2020_E316,6,0.03345650977122656,0.03283056875660606,30.0
2024-01-28,2,HK_2021_G477,1,0.02332865236823726,0.0984917062698182,10.0
2024-01-28,3,HK_2022_H076,1,0.1035812326900299,0.1694828534175854,4.8
2024-01-28,3,HK_2022_H319,3,0.0907518934920083,0.353703346262787,2.3
2024-01-28,3,HK_2023_J133,13,0.08792668798959107,0.03537033462627869,23.0
2024-01-28,3,HK_2021_G192,11,0.10110084778209016,0.0924451927732284,8.8
2024-01-28,3,HK_2023_J058,9,0.10904087762838377,0.008054630657469405,101.0
2024-01-28,3,HK_2023_J047,5,0.0821973498868996,0.03697807710929136,22.0
2024-01-28,3,HK_2022_H478,14,0.0888195618417753,0.0039683790068507805,205.0
2024-01-28,3,HK_2022_H461,10,0.06681457923956216,0.004900709014484398,166.0
2024-01-28,3,HK_2022_H065,4,0.07246699184516828,0.021986964767686756,37.0
2024-01-28,3,HK_2023_J011,2,0.05471813418006575,0.1452710172150732,5.6
2024-01-28,3,HK_2019_D050,8,0.06403353729995202,0.01936946896200976,42.0
2024-01-28,3,HK_2022_H292,7,0.0443603605466906,0.03389657068351708,24.0
2024-01-28,3,HK_2021_G025,12,0.019844344585608104,0.03389657068351708,24.0
2024-01-28,3,HK_2022_H144,6,0.01434360099217494,0.0406758848202205,20.0
2024-01-28,4,HK_2022_H401,6,0.10398074561520278,0.04786412490354575,17.0
2024-01-28,4,HK_2022_H381,3,0.0893724503804266,0.01271390817750434,64.0
2024-01-28,4,HK_2020_E294,7,0.08787427535215948,0.10299874979244021,7.9
2024-01-28,4,HK_2018_C483,4,0.10298322186582753,0.08136901233602778,10.0
2024-01-28,4,HK_2021_G230,8,0.11191490246193259,0.36985914698194444,2.2
2024-01-28,4,HK_2021_G198,9,0.08280718433358943,0.08475938785002894,9.6
2024-01-28,4,HK_2019_D362,14,0.09116647067007244,0.007014570028967912,116.0
2024-01-28,4,HK_2023_J074,11,0.0640200331330278,0.021991624955683183,37.0
2024-01-28,4,HK_2022_H404,13,0.07570074733898062,0.016951877570005786,48.0
2024-01-28,4,HK_2021_H002,1,0.05598712635702712,0.023932062451772877,34.0
2024-01-28,4,HK_2022_H278,2,0.06271423607530285,0.16273802467205556,5.0
2024-01-28,4,HK_2022_H443,12,0.03932299975927737,0.014530180774290673,56.0
2024-01-28,4,HK_2022_H087,10,0.018840316055901803,0.014530180774290673,56.0
2024-01-28,4,HK_2022_H312,5,0.013315290601271554,0.0387471487314418,21.0
2024-01-28,5,HK_2022_H360,11,0.10425521447931603,0.012237533032044473,67.0
2024-01-28,5,HK_2021_G412,4,0.08790722729217613,0.16398294262939594,5.0
2024-01-28,5,HK_2019_D359,6,0.08771536387451671,0.022775408698527212,36.0
2024-01-28,5,HK_2022_H090,1,0.10477341699823392,0.25622334785843115,3.2
2024-01-28,5,HK_2021_G307,8,0.11472539441791872,0.09010051792823953,9.1
2024-01-28,5,HK_2020_E351,10,0.08332035664926835,0.04823027724393998,17.0
2024-01-28,5,HK_2022_H163,12,0.09346193314714092,0.014907540239035994,55.0
2024-01-28,5,HK_2022_H214,9,0.06126798269874075,0.09212524866819996,8.9
2024-01-28,5,HK_2021_G339,3,0.0789829171244649,0.06832622609558164,12.0
2024-01-28,5,HK_2020_E244,13,0.05721607918424848,0.009424307047666433,87.0
2024-01-28,5,HK_2022_H213,2,0.06134761455904256,0.1366524521911633,6.0
2024-01-28,5,HK_2022_H160,7,0.03481539629760461,0.05856533665335569,14.0
2024-01-28,5,HK_2019_D164,5,0.017865394430811216,0.026448861714418702,31.0
2024-01-28,6,HK_2022_H126,13,0.10358122609492554,0.08142173342431983,10.0
2024-01-28,6,HK_2022_H364,3,0.09075189242549961,0.26265075298167684,3.1
2024-01-28,6,HK_2021_G166,5,0.08792670216315912,0.020355433356079956,40.0
2024-01-28,6,HK_2021_G416,10,0.10110083643058008,0.06785144452026652,12.0
2024-01-28,6,HK_2022_H358,14,0.10904085453587685,0.00894744323344174,91.0
2024-01-28,6,HK_2022_H322,6,0.08219735114997499,0.14803951531694515,5.5
2024-01-28,6,HK_2022_H485,2,0.08881956181850487,0.11002936949232407,7.4
2024-01-28,6,HK_2022_H347,7,0.06681458416487786,0.08481430565033315,9.6
2024-01-28,6,HK_2022_H489,11,0.07246700641419773,0.03540075366274775,23.0
2024-01-28,6,HK_2023_J063,9,0.0547181387436712,0.008481430565033315,96.0
2024-01-28,6,HK_2022_H325,4,0.06403354342950472,0.018504939414618143,44.0
2024-01-28,6,HK_2022_H384,8,0.0443603573517702,0.01163167620347426,70.0
2024-01-28,6,HK_2021_H012,1,0.01984434410788627,0.12336626276412095,6.6
2024-01-28,6,HK_2022_H271,12,0.014343601169570917,0.018504939414618143,44.0
2024-01-28,7,HK_2022_H069,8,0.11834770156325075,0.03748343721924423,22.0
2024-01-28,7,HK_2019_D476,6,0.1026415012883614,0.01249447907308141,66.0
2024-01-28,7,HK_2021_G221,12,0.09265459996672469,0.006200267810702053,133.0
2024-01-28,7,HK_2022_H340,5,0.10814192867897549,0.09061929877179924,9.1
2024-01-28,7,HK_2022_H167,3,0.11873023138054245,0.06871963490194775,12.0
2024-01-28,7,HK_2021_G275,14,0.0809227723162525,0.008867049664767453,93.0
2024-01-28,7,HK_2023_J110,13,0.08567374515255165,0.006108411991284245,135.0
2024-01-28,7,HK_2023_J171,11,0.06950749425771438,0.048507977577845474,17.0
2024-01-28,7,HK_2023_J008,1,0.05825774606895023,0.589025442016695,1.4
2024-01-28,7,HK_2020_E467,10,0.04010950124978907,0.006815170403498951,121.0
2024-01-28,7,HK_2022_H170,2,0.06011941510993938,0.0824635618823373,10.0
2024-01-28,7,HK_2022_H138,9,0.04773427257606732,0.026601148994302357,31.0
2024-01-28,7,HK_2021_G406,4,0.010423026477453743,0.006392524176925373,129.0
2024-01-28,7,HK_2021_G139,7,0.006736063913427093,0.009701595515569095,85.0
2024-01-28,8,HK_2021_G180,6,0.31857629782185887,0.6326154774819935,1.3
2024-01-28,8,HK_2019_D176,3,0.23450116019212505,0.11748573153237023,7.0
2024-01-28,8,HK_2019_D375,12,0.0675614009766705,0.01787826349405634,46.0
2024-01-28,8,HK_2019_D449,10,0.10038250608779964,0.007476364733878105,110.0
2024-01-28,8,HK_2020_E356,2,0.14691729701407538,0.041120006036329586,20.0
2024-01-28,8,HK_2021_G404,1,0.019682864719349005,0.021642108440173464,38.0
2024-01-28,8,HK_2018_C188,11,0.014982963795298692,0.006526985085131679,126.0
2024-01-28,8,HK_2022_H164,7,0.04117916809738104,0.06326154774819936,13.0
2024-01-28,8,HK_2019_D108,13,0.0005378067253470416,0.008224001207265916,100.0
2024-01-28,8,HK_2021_G161,9,8.339690640166702e-05,0.03575652698811268,23.0
2024-01-28,8,HK_2020_E392,8,0.006797526296937399,0.00790769346852492,104.0
2024-01-28,8,HK_2021_G045,5,0.048797501071452004,0.01787826349405634,46.0
2024-01-28,8,HK_2021_G265,4,9.971755781386622e-08,0.022227030289907884,37.0
2024-01-28,9,HK_2021_G426,1,0.12316206655893756,0.17261454746847768,4.7
2024-01-28,9,HK_2022_H446,10,0.10251264211866047,0.02617059268070468,31.0
2024-01-28,9,HK_2021_G434,4,0.09346476967316993,0.0737534884638041,11.0
2024-01-28,9,HK_2022_H075,7,0.11379011897305029,0.042699388057991845,19.0
2024-01-28,9,HK_2021_G452,5,0.1274603168669416,0.09325153713814313,8.7
2024-01-28,9,HK_2022_H331,13,0.08140627587315953,0.02386142273828956,34.0
2024-01-28,9,HK_2021_G225,9,0.08896599755478751,0.08112883731018451,10.0
2024-01-28,9,HK_2022_H289,8,0.06422172759851703,0.0737534884638041,11.0
2024-01-28,9,HK_2022_H400,12,0.05959482033631342,0.006817549353797018,119.0
2024-01-28,9,HK_2022_H123,6,0.03837557230327517,0.028974584753637324,28.0
2024-01-28,9,HK_2022_H192,2,0.056418890424748756,0.2535276165943266,3.2
2024-01-28,9,HK_2020_E245,14,0.03810091108045947,0.015307327794374435,53.0
2024-01-28,9,HK_2023_J053,3,0.007833021516445828,0.10269473077238545,7.9
2024-01-28,9,HK_2023_J109,11,0.0046928691215334046,0.005444888410079497,149.0
2024-01-28,10,HK_2021_G237,10,0.11882776012726035,0.029119516270998777,28.0
2024-01-28,10,HK_2021_G123,5,0.1011013949973676,0.08493192245707977,9.6
2024-01-28,10,HK_2022_H091,4,0.09261772080295573,0.06794553796566381,12.0
2024-01-28,10,HK_2022_H041,9,0.11017728920198308,0.07412240505345144,11.0
2024-01-28,10,HK_2021_G474,6,0.12188387233494201,0.05435643037253105,15.0
2024-01-28,10,HK_2022_H300,11,0.08153933878856713,0.1663972358342787,4.9
2024-01-28,10,HK_2020_E279,8,0.08795501224861729,0.13366335337507637,6.1
2024-01-28,10,HK_2022_H186,1,0.06661355962178632,0.2203639069156664,3.7
2024-01-28,10,HK_2022_H392,7,0.06086953050931365,0.02329561301679902,35.0
2024-01-28,10,HK_2022_H044,3,0.04104784640672624,0.07412240505345144,11.0
2024-01-28,10,HK_2021_G028,2,0.058892449535681866,0.005995194526382101,136.0
2024-01-28,10,HK_2022_H080,13,0.04232219894101288,0.047961556211056806,17.0
2024-01-28,10,HK_2023_J081,12,0.009897637754765622,0.017724922947564472,46.0
2024-01-31,1,HK_2021_G172,8,0.09778515413552948,0.16573038117491246,4.9
2024-01-31,1,HK_2021_G470,7,0.07818345270072821,0.10974038753473933,7.4
2024-01-31,1,HK_2020_E139,6,0.08403883340444451,0.030076995102113743,27.0
2024-01-31,1,HK_2021_G279,12,0.10560654207603991,0.05075492923481695,16.0
2024-01-31,1,HK_2017_B213,9,0.11739610042297971,0.029002816705609683,28.0
2024-01-31,1,HK_2021_G322,2,0.08417607306031775,0.06767323897975593,12.0
2024-01-31,1,HK_2019_D274,5,0.10074342796089364,0.045115492653170615,18.0
2024-01-31,1,HK_2022_H285,4,0.05201592316915708,0.17278273782065343,4.7
2024-01-31,1,HK_2020_E489,3,0.09701602631702448,0.06767323897975593,12.0
2024-01-31,1,HK_2020_E409,11,0.06870077064772759,0.08120788677570712,10.0
2024-01-31,1,HK_2021_G072,10,0.058115331115570726,0.09903400826305747,8.2
2024-01-31,1,HK_2020_E448,1,0.023068642190858198,0.08120788677570712,10.0
2024-01-31,2,HK_2018_C531,2,0.09699942243404153,0.02343395545395865,35.0
2024-01-31,2,HK_2018_C476,1,0.08535533146536235,0.048246378875797226,17.0
2024-01-31,2,HK_2019_D090,6,0.08523756571457274,0.3037734966253899,2.7
2024-01-31,2,HK_2021_G109,9,0.09738415106550835,0.03280753763554211,25.0
2024-01-31,2,HK_2020_E281,7,0.10423571533362276,0.10382132163146236,7.9
2024-01-31,2,HK_2021_G411,10,0.08203394580211837,0.00845555093699539,97.0
2024-01-31,2,HK_2021_G352,12,0.08942100556820005,0.14141180015319876,5.8
2024-01-31,2,HK_2020_E149,5,0.06512812468500413,0.08201884408885528,10.0
2024-01-31,2,HK_2021_G168,8,0.07886773927796045,0.05858488863489662,14.0
2024-01-31,2,HK_2020_E429,11,0.06194876534434207,0.04100942204442764,20.0
2024-01-31,2,HK_2021_G250,3,0.06521590226587223,0.12815444388883637,6.4
2024-01-31,2,HK_2020_E138,4,0.042620596286358954,0.02828236003063975,29.0
2024-01-31,3,HK_2018_C460,9,0.10358111964331074,0.0187381497726236,44.0
2024-01-31,3,HK_2020_E282,8,0.09075188721671276,0.0749525990904944,11.0
2024-01-31,3,HK_2022_H323,3,0.08792678554342048,0.26596083548239946,3.1
2024-01-31,3,HK_2021_G081,4,0.10110094519112205,0.13516042458941613,6.1
2024-01-31,3,HK_2020_E236,5,0.10904090938739978,0.1526812203695256,5.4
2024-01-31,3,HK_2023_J057,11,0.08219728271375674,0.030536244073905122,27.0
2024-01-31,3,HK_2021_G259,1,0.08881968471563056,0.0749525990904944,11.0
2024-01-31,3,HK_2021_G201,10,0.06681451909748935,0.05889132785681702,14.0
2024-01-31,3,HK_2021_G413,7,0.07246699316129071,0.13741309833257306,6.0
2024-01-31,3,HK_2021_G372,2,0.054718035077159576,0.02228320513501185,37.0
2024-01-31,3,HK_2020_E188,6,0.06403355036313975,0.028430296206739255,29.0
2024-01-31,4,HK_2021_G088,12,0.10305010494486018,0.01786681048976742,46.0
2024-01-31,4,HK_2020_E175,2,0.09203382123458351,0.07471575295720922,11.0
2024-01-31,4,HK_2020_E432,4,0.08786583686664703,0.08837347123970983,9.3
2024-01-31,4,HK_2022_H118,11,0.0991250279575582,0.08218732825293015,10.0
2024-01-31,4,HK_2020_E386,7,0.10610372057657504,0.07471575295720922,11.0
2024-01-31,4,HK_2020_E359,6,0.08148676723542028,0.010673678993887032,77.0
2024-01-31,4,HK_2022_H281,10,0.08642162994604428,0.12841770039520337,6.4
2024-01-31,4,HK_2018_C361,3,0.06964114236772002,0.10536836955503866,7.8
2024-01-31,4,HK_2021_G456,9,0.0692819385632689,0.3287493130117206,2.5
2024-01-31,4,HK_2019_D474,1,0.05340885955667677,0.04834548720760597,17.0
2024-01-31,4,HK_2022_H434,8,0.06529633275233981,0.010146583734929647,81.0
2024-01-31,4,HK_2022_H134,5,0.049978527092491135,0.03043975120478894,27.0
2024-01-31,5,HK_2020_E028,5,0.10430494720852165,0.05078876183110064,16.0
2024-01-31,5,HK_2022_H324,1,0.08752885698842888,0.12312427110569853,6.6
2024-01-31,5,HK_2020_E397,9,0.08765989663312256,0.08553896729448529,9.5
2024-01-31,5,HK_2021_G364,12,0.10520680633261689,0.03693728133170956,22.0
2024-01-31,5,HK_2021_G307,7,0.11541808727520118,0.09674049872590598,8.4
2024-01-31,5,HK_2020_E176,6,0.08343396100214207,0.05804429923554359,14.0
2024-01-31,5,HK_2021_G125,2,0.09402787765986119,0.11286391518022365,7.2
2024-01-31,5,HK_2021_G150,11,0.060587628895350125,0.13106777246735649,6.2
2024-01-31,5,HK_2021_G277,8,0.07981098412612074,0.0677183491081342,12.0
2024-01-31,5,HK_2022_H066,3,0.057516999244723754,0.09340461945949545,8.7
2024-01-31,5,HK_2019_D267,4,0.06099959441132267,0.08126201892976104,10.0
2024-01-31,5,HK_2019_D513,10,0.03376557713680371,0.06250924533058541,13.0
2024-01-31,6,HK_2021_G266,5,0.1035811104927242,0.07618221513636365,11.0
2024-01-31,6,HK_2022_H056,1,0.09075189231634148,0.23277899069444452,3.6
2024-01-31,6,HK_2018_C511,8,0.08792678530619215,0.049294374500000016,17.0
2024-01-31,6,HK_2021_G264,4,0.10110094922611443,0.16431458166666674,5.1
2024-01-31,6,HK_2023_J049,9,0.10904090145448309,0.05586695776666668,15.0
2024-01-31,6,HK_2023_J088,10,0.08219726925765809,0.023277899069444448,36.0
2024-01-31,6,HK_2023_J089,11,0.08881969735145807,0.0872921215104167,9.6
2024-01-31,6,HK_2022_H133,6,0.0668145146328911,0.17829880138297877,4.7
2024-01-31,6,HK_2022_H436,3,0.07246700077945287,0.09632234097701153,8.7
2024-01-31,6,HK_2022_H363,7,0.05471803555634429,0.013093818226562503,64.0
2024-01-31,6,HK_2019_D287,2,0.06403355428368156,0.023277899069444448,36.0
2024-01-31,7,HK_2022_H092,12,0.11834756174793373,0.10324223121267981,7.9
2024-01-31,7,HK_2020_E061,2,0.10264148189241218,0.037073346662735034,22.0
2024-01-31,7,HK_2019_D278,6,0.09265469918271219,0.05097585166126067,16.0
2024-01-31,7,HK_2021_G130,8,0.10814203370478977,0.025487925830630333,32.0
2024-01-31,7,HK_2022_H362,11,0.11873028199191402,0.2330324647371916,3.5
2024-01-31,7,HK_2022_H264,9,0.08092270415769984,0.0832258802632827,9.8
2024-01-31,7,HK_2020_E434,7,0.08567387132365256,0.10592384760781436,7.7
2024-01-31,7,HK_2021_G033,5,0.06950743039946332,0.040780681329008535,20.0
2024-01-31,7,HK_2022_H082,4,0.058257715033700835,0.07414669332547007,11.0
2024-01-31,7,HK_2021_G208,1,0.040109430173053594,0.08156136265801707,10.0
2024-01-31,7,HK_2021_G195,3,0.06011941967089013,0.026310116986457115,31.0
2024-01-31,7,HK_2021_G012,10,0.047734302323964105,0.13823959772545263,5.9
2024-01-31,8,HK_2022_H303,1,0.11834755608345686,0.07410648114522983,11.0
2024-01-31,8,HK_2021_G268,8,0.1026414804385321,0.11481285811232791,7.1
2024-01-31,8,HK_2021_G368,10,0.09265470265793324,0.07410648114522983,11.0
2024-01-31,8,HK_2021_G093,6,0.1081420179553926,0.03881768059988229,21.0
2024-01-31,8,HK_2020_E301,5,0.11873027756318542,0.0198822266487202,41.0
2024-01-31,8,HK_2022_H037,4,0.08092269640722459,0.058226520899823435,14.0
2024-01-31,8,HK_2022_H294,2,0.08567388915626728,0.45287294033196007,1.8
2024-01-31,8,HK_2022_H055,9,0.0695074253348883,0.022643647016598004,36.0
2024-01-31,8,HK_2022_H059,3,0.05825772527600035,0.08151712925975281,10.0
2024-01-31,8,HK_2022_H470,7,0.04010943246834959,0.007763536119976459,105.0
2024-01-31,8,HK_2020_E184,12,0.06011942194967359,0.022643647016598004,36.0
2024-01-31,8,HK_2022_H397,11,0.04773430499681641,0.032606851703901124,25.0
2024-01-31,9,HK_2021_G165,8,0.12323321260962387,0.0670428795487981,12.0
2024-01-31,9,HK_2022_H165,3,0.10208167023612477,0.036568843390253514,22.0
2024-01-31,9,HK_2020_E461,5,0.09341507640053244,0.030942867484060665,26.0
2024-01-31,9,HK_2021_G476,6,0.11427227347469514,0.06188573496812133,13.0
2024-01-31,9,HK_2023_J080,10,0.128242798020299,0.017489446838816897,46.0
2024-01-31,9,HK_2021_G402,9,0.08152544757042832,0.09692946440790086,8.3
2024-01-31,9,HK_2022_H116,4,0.08951373641637721,0.04022572772927886,20.0
2024-01-31,9,HK_2022_H346,1,0.06351495673670231,0.4022572772927886,2.0
2024-01-31,9,HK_2020_E447,7,0.06022568850279025,0.0670428795487981,12.0
2024-01-31,9,HK_2023_J018,11,0.03858127789319868,0.01200767991918772,67.0
2024-01-31,9,HK_2022_H188,2,0.05610447756345009,0.16760719887199527,4.8
2024-02-04,1,HK_2021_G031,5,0.0969995178503769,0.09813527157514115,8.3
2024-02-04,1,HK_2022_H247,11,0.08535527534994596,0.07404752309760652,11.0
2024-02-04,1,HK_2021_G414,2,0.08523737930566858,0.16290455081473434,5.0
2024-02-04,1,HK_2022_H283,4,0.09738415680729161,0.2201412848847761,3.7
2024-02-04,1,HK_2021_G427,1,0.10423567466744373,0.05818019671954797,14.0
2024-02-04,1,HK_2021_G425,8,0.08203397723855886,0.033938448086402985,24.0
2024-02-04,1,HK_2022_H102,6,0.08942097659865199,0.014809504619521303,55.0
2024-02-04,1,HK_2021_G042,7,0.06512819258410783,0.14809504619521305,5.5
2024-02-04,1,HK_2021_G403,10,0.07886778753180933,0.05430151693824478,15.0
2024-02-04,1,HK_2019_D371,3,0.06194888496755248,0.11978275795201054,6.8
2024-02-04,1,HK_2021_G175,9,0.06521585359822323,0.01566389911680138,52.0
2024-02-04,2,HK_2019_D387,3,0.10305021153190323,0.1603687269963301,5.1
2024-02-04,2,HK_2022_H454,9,0.09203380282926893,0.04304634250954122,19.0
2024-02-04,2,HK_2022_H439,4,0.08786575047574663,0.28202776126940804,2.9
2024-02-04,2,HK_2018_C332,7,0.0991249837562862,0.024784257808523738,33.0
2024-02-04,2,HK_2022_H460,2,0.10610373244309665,0.03145694260312628,26.0
2024-02-04,2,HK_2022_H447,10,0.08148680831013788,0.00843175781114725,97.0
2024-02-04,2,HK_2022_H406,6,0.08642149243834925,0.12027654524724755,6.8
2024-02-04,2,HK_2023_J147,11,0.0696411945151861,0.007174390418256871,114.0
2024-02-04,2,HK_2022_H421,14,0.06928191045809179,0.09510238461410271,8.6
2024-02-04,2,HK_2022_H371,13,0.05340894405814174,0.013631341794688055,60.0
2024-02-04,2,HK_2022_H466,1,0.06529633824233015,0.11052439292990313,7.4
2024-02-04,2,HK_2022_H326,8,0.04997849806619164,0.05452536717875222,15.0
2024-02-04,2,HK_2019_D285,12,0.020874928675596663,0.028202776126940804,29.0
2024-02-04,2,HK_2022_H180,5,0.015431404199673095,0.020447012692032085,40.0
2024-02-04,3,HK_2022_H036,4,0.11834763018783866,0.1996104072244348,4.1
2024-02-04,3,HK_2021_G396,3,0.10264145674661469,0.03558272476609489,23.0
2024-02-04,3,HK_2023_J195,2,0.09265461510687324,0.10912035594935768,7.5
2024-02-04,3,HK_2021_G343,9,0.10814201006808372,0.11860908255364964,6.9
2024-02-04,3,HK_2023_J170,1,0.11873029899863521,0.043073824716851714,19.0
2024-02-04,3,HK_2022_H287,8,0.08092275402581582,0.37200121346371934,2.2
2024-02-04,3,HK_2023_J140,7,0.08567373361435693,0.019485777848099583,42.0
2024-02-04,3,HK_2020_E467,5,0.06950749026782879,0.018600060673185967,44.0
2024-02-04,3,HK_2022_H169,10,0.058257708529047166,0.009516310111862587,86.0
2024-02-04,3,HK_2021_G334,6,0.04010949449439967,0.07440024269274387,11.0
2024-02-04,4,HK_2022_H381,7,0.10398074467639491,0.103287476234477,7.9
2024-02-04,4,HK_2023_J054,2,0.08937243894197962,0.058283647303740596,14.0
2024-02-04,4,HK_2021_G112,5,0.08787428205903726,0.03399879426051535,24.0
2024-02-04,4,HK_2023_J092,3,0.1029832554759213,0.22053271952766712,3.7
2024-02-04,4,HK_2023_J040,6,0.11191488627523874,0.06276700478864373,13.0
2024-02-04,4,HK_2022_H479,12,0.0828071774086669,0.015395680419856008,53.0
2024-02-04,4,HK_2023_J004,8,0.09116646624416784,0.02331345892149624,35.0
2024-02-04,4,HK_2022_H418,4,0.06402003877206633,0.20399276556309212,4.0
2024-02-04,4,HK_2022_H106,10,0.07570072549160012,0.1539568041985601,5.3
2024-02-04,4,HK_2022_H407,11,0.05598712552814694,0.017738501353312355,46.0
2024-02-04,4,HK_2021_G401,1,0.06271424926219067,0.06276700478864373,13.0
2024-02-04,4,HK_2022_H315,14,0.039323005165695986,0.0194278824345802,42.0
2024-02-04,4,HK_2020_E343,13,0.01884031563073332,0.00679975885210307,120.0
2024-02-04,4,HK_2020_E384,9,0.013315289068160215,0.017738501353312355,46.0
2024-02-04,5,HK_2023_J052,10,0.1235085133778174,0.07413533658038585,11.0
2024-02-04,5,HK_2023_J050,6,0.09893490056266585,0.025484021949507635,32.0
2024-02-04,5,HK_2022_H237,2,0.09289794447196553,0.2812030008221532,2.9
2024-02-04,5,HK_2023_J075,1,0.11749090623277099,0.04530492791023579,18.0
2024-02-04,5,HK_2020_E273,7,0.13361291051450416,0.11326231977558948,7.2
2024-02-04,5,HK_2023_J077,5,0.08221557962252936,0.016309774047684886,50.0
2024-02-04,5,HK_2021_G144,3,0.09327245599830883,0.04530492791023579,18.0
2024-02-04,5,HK_2023_J105,11,0.05867424601134863,0.015101642636745263,54.0
2024-02-04,5,HK_2022_H062,8,0.06471492229194593,0.22040235199574165,3.7
2024-02-04,5,HK_2021_G303,9,0.03998019057246902,0.11818676846148468,6.9
2024-02-04,5,HK_2020_E480,4,0.053853996595829956,0.04530492791023579,18.0
2024-02-04,6,HK_2020_E204,8,0.11772231697901947,0.08444057466936962,9.6
2024-02-04,6,HK_2020_E114,4,0.10407488035351738,0.038601405563140394,21.0
2024-02-04,6,HK_2021_G451,12,0.09257573118769213,0.03377622986774785,24.0
2024-02-04,6,HK_2023_J186,2,0.10601172003844488,0.17247436528211668,4.7
2024-02-04,6,HK_2023_J051,10,0.11551383930298133,0.02190890586016077,37.0
2024-02-04,6,HK_2023_J153,14,0.08021057903461656,0.011104513929122579,73.0
2024-02-04,6,HK_2022_H142,7,0.08334742924737236,0.05404196778839656,15.0
2024-02-04,6,HK_2020_E336,9,0.07243658366587713,0.08106295168259484,10.0
2024-02-04,6,HK_2022_H391,6,0.05568836489348619,0.11921022306263947,6.8
2024-02-04,6,HK_2021_H009,5,0.03914365577778615,0.09650351390785099,8.4
2024-02-04,6,HK_2023_J167,13,0.06129532474603455,0.011921022306263946,68.0
2024-02-04,6,HK_2022_H081,1,0.05377120235291109,0.17622380800564097,4.6
2024-02-04,6,HK_2022_H412,3,0.01096259791305837,0.0675524597354957,12.0
2024-02-04,6,HK_2019_D350,11,0.007245774507202494,0.031178058339459556,26.0
2024-02-04,7,HK_2022_H302,1,0.3229855231620652,0.6225075828933992,1.3
2024-02-04,7,HK_2022_H093,8,0.2288056609257514,0.05780427555438708,14.0
2024-02-04,7,HK_2022_H215,2,0.06789009854128941,0.09750118768209869,8.3
2024-02-04,7,HK_2022_H474,9,0.10478701580638133,0.015562689572334984,52.0
2024-02-04,7,HK_2022_H334,5,0.15570268482923444,0.03371916074005913,24.0
2024-02-04,7,HK_2022_H212,6,0.020097148766868893,0.044958880986745504,18.0
2024-02-04,7,HK_2022_H380,4,0.015880961026661616,0.036784538989155416,22.0
2024-02-04,7,HK_2022_H219,7,0.0380358192039728,0.07356907797831083,11.0
2024-02-04,7,HK_2023_J053,3,0.0005904346432655201,0.01759260560350911,46.0
2024-02-04,8,HK_2021_G435,3,0.1666274716694173,0.08744958219920893,9.3
2024-02-04,8,HK_2021_G236,8,0.1318181936803849,0.05421874096350954,15.0
2024-02-04,8,HK_2021_G171,14,0.09783943293637701,0.01807291365450318,45.0
2024-02-04,8,HK_2021_G103,13,0.12719601461975466,0.016265622289052862,50.0
2024-02-04,8,HK_2021_G448,10,0.1517491897119056,0.08132811144526432,10.0
2024-02-04,8,HK_2021_G446,7,0.06949737443685879,0.254150348266451,3.2
2024-02-04,8,HK_2021_G319,12,0.07261073322825547,0.089371551038752,9.1
2024-02-04,8,HK_2021_G070,5,0.061922099008212744,0.038727672116792525,21.0
2024-02-04,8,HK_2020_E269,6,0.028058707871272178,0.021980570660882246,37.0
2024-02-04,8,HK_2020_E054,11,0.013273019973084605,0.021980570660882246,37.0
2024-02-04,8,HK_2021_G286,2,0.040390269805687544,0.09681918029198132,8.4
2024-02-04,8,HK_2020_E249,1,0.037759962797202284,0.10294697651299278,7.9
2024-02-04,8,HK_2021_G371,4,0.0008897700678705508,0.08132811144526432,10.0
2024-02-04,8,HK_2021_G356,9,0.0003677601937164331,0.03536004845446274,23.0
2024-02-04,9,HK_2020_E413,10,0.10398071941608918,0.04789249350713454,17.0
2024-02-04,9,HK_2023_J037,7,0.08937244150656627,0.011153046433168317,73.0
2024-02-04,9,HK_2021_G223,2,0.08787424980738141,0.11631034137446959,7.0
2024-02-04,9,HK_2023_J120,3,0.1029832532449754,0.19385056895744932,4.2
2024-02-04,9,HK_2021_G410,8,0.11191494163364625,0.11307949855851211,7.2
2024-02-04,9,HK_2022_H383,12,0.08280716574060253,0.06784769913510726,12.0
2024-02-04,9,HK_2023_J009,13,0.09116647223883094,0.008393529789910177,97.0
2024-02-04,9,HK_2022_H181,11,0.0640200322216079,0.050885774351330446,16.0
2024-02-04,9,HK_2021_H018,14,0.07570072251103382,0.01507726647446828,54.0
2024-02-04,9,HK_2022_H483,5,0.05598713139821569,0.0866140840022646,9.4
2024-02-04,9,HK_2022_H244,1,0.06271425124516548,0.19385056895744932,4.2
2024-02-04,9,HK_2022_H087,4,0.03932301130348527,0.02087621511849454,39.0
2024-02-04,9,HK_2020_E107,6,0.01884031646660281,0.03877011379148986,21.0
2024-02-04,9,HK_2021_G181,9,0.013315291265796876,0.035398799548751615,23.0
